canonical_event_id,section_id,year,station,group_code,sex,level,tournament_id,source_url,rounds,promotion_rate,evidence_status,notes
chess-association-master-2022-679eb1ba7d,chess-association-master-2022-679eb1ba7d-men-candidate,2022,湖南站,MEN_CANDIDATE,M,CANDIDATE,646676,https://chess-results.com/tnr646676.aspx?lan=1,9,0.65,source-list-needs-page-verify,资料清单组别：男子候补棋协大师组；轮次 9 为规则默认值，抓取后以页面为准
chess-association-master-2022-679eb1ba7d,chess-association-master-2022-679eb1ba7d-men-level-1,2022,湖南站,MEN_LEVEL_1,M,LEVEL_1,646679,https://chess-results.com/tnr646679.aspx?lan=1,9,0.65,source-list-needs-page-verify,资料清单组别：男子一级棋士组；轮次 9 为规则默认值，抓取后以页面为准
chess-association-master-2022-679eb1ba7d,chess-association-master-2022-679eb1ba7d-women-candidate,2022,湖南站,WOMEN_CANDIDATE,F,CANDIDATE,646711,https://chess-results.com/tnr646711.aspx?lan=1,9,0.65,source-list-needs-page-verify,资料清单组别：女子候补棋协大师组；轮次 9 为规则默认值，抓取后以页面为准
chess-association-master-2022-679eb1ba7d,chess-association-master-2022-679eb1ba7d-women-level-1,2022,湖南站,WOMEN_LEVEL_1,F,LEVEL_1,646678,https://chess-results.com/tnr646678.aspx?lan=1,9,0.65,source-list-needs-page-verify,资料清单组别：女子一级棋士组；轮次 9 为规则默认值，抓取后以页面为准
chess-association-master-2022-b90968f873,chess-association-master-2022-b90968f873-men-level-1,2022,杭州赛区,MEN_LEVEL_1,M,LEVEL_1,664058,https://chess-results.com/tnr664058.aspx?lan=1,9,0.65,source-list-needs-page-verify,资料清单组别：男子一级棋士组；轮次 9 为规则默认值，抓取后以页面为准
chess-association-master-2023-16f0282068,chess-association-master-2023-16f0282068-men-candidate,2023,重庆站,MEN_CANDIDATE,M,CANDIDATE,807707,https://chess-results.com/tnr807707.aspx?lan=1,9,0.65,source-list-needs-page-verify,资料清单组别：男子候补棋协大师组；轮次 9 为规则默认值，抓取后以页面为准
chess-association-master-2023-16f0282068,chess-association-master-2023-16f0282068-men-level-1,2023,重庆站,MEN_LEVEL_1,M,LEVEL_1,807708,https://chess-results.com/tnr807708.aspx?lan=1,9,0.65,source-list-needs-page-verify,资料清单组别：男子一级棋士组；轮次 9 为规则默认值，抓取后以页面为准
chess-association-master-2023-16f0282068,chess-association-master-2023-16f0282068-open,2023,重庆站,OPEN,,OPEN,807705,https://chess-results.com/tnr807705.aspx?lan=1,9,0.65,source-list-needs-page-verify,资料清单组别：棋协大师组；轮次 9 为规则默认值，抓取后以页面为准
chess-association-master-2023-16f0282068,chess-association-master-2023-16f0282068-women-candidate,2023,重庆站,WOMEN_CANDIDATE,F,CANDIDATE,807709,https://chess-results.com/tnr807709.aspx?lan=1,9,0.65,source-list-needs-page-verify,资料清单组别：女子候补棋协大师组；轮次 9 为规则默认值，抓取后以页面为准
chess-association-master-2023-16f0282068,chess-association-master-2023-16f0282068-women-level-1,2023,重庆站,WOMEN_LEVEL_1,F,LEVEL_1,807710,https://chess-results.com/tnr807710.aspx?lan=1,9,0.65,source-list-needs-page-verify,资料清单组别：女子一级棋士组；轮次 9 为规则默认值，抓取后以页面为准
chess-association-master-2023-1ea3816f13,chess-association-master-2023-1ea3816f13-men-candidate,2023,成都站,MEN_CANDIDATE,M,CANDIDATE,824333,https://chess-results.com/tnr824333.aspx?lan=1,9,0.65,source-list-needs-page-verify,资料清单组别：男子候补棋协大师组；轮次 9 为规则默认值，抓取后以页面为准
chess-association-master-2023-1ea3816f13,chess-association-master-2023-1ea3816f13-men-level-1,2023,成都站,MEN_LEVEL_1,M,LEVEL_1,824334,https://chess-results.com/tnr824334.aspx?lan=1,9,0.65,source-list-needs-page-verify,资料清单组别：男子一级棋士组；轮次 9 为规则默认值，抓取后以页面为准
chess-association-master-2023-1ea3816f13,chess-association-master-2023-1ea3816f13-open,2023,成都站,OPEN,,OPEN,824338,https://chess-results.com/tnr824338.aspx?lan=1,9,0.65,source-list-needs-page-verify,资料清单组别：棋协大师组；轮次 9 为规则默认值，抓取后以页面为准
chess-association-master-2023-1ea3816f13,chess-association-master-2023-1ea3816f13-women-candidate,2023,成都站,WOMEN_CANDIDATE,F,CANDIDATE,824335,https://chess-results.com/tnr824335.aspx?lan=1,9,0.65,source-list-needs-page-verify,资料清单组别：女子候补棋协大师组；轮次 9 为规则默认值，抓取后以页面为准
chess-association-master-2023-1ea3816f13,chess-association-master-2023-1ea3816f13-women-level-1,2023,成都站,WOMEN_LEVEL_1,F,LEVEL_1,824337,https://chess-results.com/tnr824337.aspx?lan=1,9,0.65,source-list-needs-page-verify,资料清单组别：女子一级棋士组；轮次 9 为规则默认值，抓取后以页面为准
chess-association-master-2023-319e4e0893,chess-association-master-2023-319e4e0893-men-candidate,2023,杭州站,MEN_CANDIDATE,M,CANDIDATE,790110,https://chess-results.com/tnr790110.aspx?lan=1,9,0.65,source-list-needs-page-verify,资料清单组别：男子候补棋协大师组；轮次 9 为规则默认值，抓取后以页面为准
chess-association-master-2023-319e4e0893,chess-association-master-2023-319e4e0893-men-level-1,2023,杭州站,MEN_LEVEL_1,M,LEVEL_1,790111,https://chess-results.com/tnr790111.aspx?lan=1,9,0.65,source-list-needs-page-verify,资料清单组别：男子一级棋士组；轮次 9 为规则默认值，抓取后以页面为准
chess-association-master-2023-319e4e0893,chess-association-master-2023-319e4e0893-open,2023,杭州站,OPEN,,OPEN,790107,https://chess-results.com/tnr790107.aspx?lan=1,9,0.65,source-list-needs-page-verify,资料清单组别：棋协大师组；轮次 9 为规则默认值，抓取后以页面为准
chess-association-master-2023-319e4e0893,chess-association-master-2023-319e4e0893-women-candidate,2023,杭州站,WOMEN_CANDIDATE,F,CANDIDATE,790112,https://chess-results.com/tnr790112.aspx?lan=1,9,0.65,source-list-needs-page-verify,资料清单组别：女子候补棋协大师组；轮次 9 为规则默认值，抓取后以页面为准
chess-association-master-2023-319e4e0893,chess-association-master-2023-319e4e0893-women-level-1,2023,杭州站,WOMEN_LEVEL_1,F,LEVEL_1,790113,https://chess-results.com/tnr790113.aspx?lan=1,9,0.65,source-list-needs-page-verify,资料清单组别：女子一级棋士组；轮次 9 为规则默认值，抓取后以页面为准
chess-association-master-2023-55b8492b21,chess-association-master-2023-55b8492b21-men-candidate,2023,儋州站,MEN_CANDIDATE,M,CANDIDATE,792363,https://chess-results.com/tnr792363.aspx?lan=1,9,0.65,source-list-needs-page-verify,资料清单组别：男子候补棋协大师组；轮次 9 为规则默认值，抓取后以页面为准
chess-association-master-2023-55b8492b21,chess-association-master-2023-55b8492b21-men-level-1,2023,儋州站,MEN_LEVEL_1,M,LEVEL_1,792365,https://chess-results.com/tnr792365.aspx?lan=1,9,0.65,source-list-needs-page-verify,资料清单组别：男子一级棋士组；轮次 9 为规则默认值，抓取后以页面为准
chess-association-master-2023-55b8492b21,chess-association-master-2023-55b8492b21-women-candidate,2023,儋州站,WOMEN_CANDIDATE,F,CANDIDATE,792366,https://chess-results.com/tnr792366.aspx?lan=1,9,0.65,source-list-needs-page-verify,资料清单组别：女子候补棋协大师组；轮次 9 为规则默认值，抓取后以页面为准
chess-association-master-2023-55b8492b21,chess-association-master-2023-55b8492b21-women-level-1,2023,儋州站,WOMEN_LEVEL_1,F,LEVEL_1,792367,https://chess-results.com/tnr792367.aspx?lan=1,9,0.65,source-list-needs-page-verify,资料清单组别：女子一级棋士组；轮次 9 为规则默认值，抓取后以页面为准
chess-association-master-2023-66b066fa1e,chess-association-master-2023-66b066fa1e-men-candidate,2023,上海站,MEN_CANDIDATE,M,CANDIDATE,783021,https://chess-results.com/tnr783021.aspx?lan=1,9,0.65,source-list-needs-page-verify,资料清单组别：男子候补棋协大师组；轮次 9 为规则默认值，抓取后以页面为准
chess-association-master-2023-66b066fa1e,chess-association-master-2023-66b066fa1e-men-level-1,2023,上海站,MEN_LEVEL_1,M,LEVEL_1,783023,https://chess-results.com/tnr783023.aspx?lan=1,9,0.65,source-list-needs-page-verify,资料清单组别：男子一级棋士组；轮次 9 为规则默认值，抓取后以页面为准
chess-association-master-2023-66b066fa1e,chess-association-master-2023-66b066fa1e-open,2023,上海站,OPEN,,OPEN,783017,https://chess-results.com/tnr783017.aspx?lan=1,9,0.65,source-list-needs-page-verify,资料清单组别：棋协大师组；轮次 9 为规则默认值，抓取后以页面为准
chess-association-master-2023-66b066fa1e,chess-association-master-2023-66b066fa1e-women-candidate,2023,上海站,WOMEN_CANDIDATE,F,CANDIDATE,783025,https://chess-results.com/tnr783025.aspx?lan=1,9,0.65,source-list-needs-page-verify,资料清单组别：女子候补棋协大师组；轮次 9 为规则默认值，抓取后以页面为准
chess-association-master-2023-66b066fa1e,chess-association-master-2023-66b066fa1e-women-level-1,2023,上海站,WOMEN_LEVEL_1,F,LEVEL_1,783028,https://chess-results.com/tnr783028.aspx?lan=1,9,0.65,source-list-needs-page-verify,资料清单组别：女子一级棋士组；轮次 9 为规则默认值，抓取后以页面为准
chess-association-master-2023-6a356b2c0f,chess-association-master-2023-6a356b2c0f-men-candidate,2023,绍兴站,MEN_CANDIDATE,M,CANDIDATE,810576,https://chess-results.com/tnr810576.aspx?lan=1,9,0.65,source-list-needs-page-verify,资料清单组别：男子候补棋协大师组；轮次 9 为规则默认值，抓取后以页面为准
chess-association-master-2023-6a356b2c0f,chess-association-master-2023-6a356b2c0f-men-level-1,2023,绍兴站,MEN_LEVEL_1,M,LEVEL_1,810575,https://chess-results.com/tnr810575.aspx?lan=1,9,0.65,source-list-needs-page-verify,资料清单组别：男子一级棋士组；轮次 9 为规则默认值，抓取后以页面为准
chess-association-master-2023-6a356b2c0f,chess-association-master-2023-6a356b2c0f-open,2023,绍兴站,OPEN,,OPEN,810574,https://chess-results.com/tnr810574.aspx?lan=1,9,0.65,source-list-needs-page-verify,资料清单组别：棋协大师组；轮次 9 为规则默认值，抓取后以页面为准
chess-association-master-2023-6a356b2c0f,chess-association-master-2023-6a356b2c0f-women-candidate,2023,绍兴站,WOMEN_CANDIDATE,F,CANDIDATE,810577,https://chess-results.com/tnr810577.aspx?lan=1,9,0.65,source-list-needs-page-verify,资料清单组别：女子候补棋协大师组；轮次 9 为规则默认值，抓取后以页面为准
chess-association-master-2023-6a356b2c0f,chess-association-master-2023-6a356b2c0f-women-level-1,2023,绍兴站,WOMEN_LEVEL_1,F,LEVEL_1,810578,https://chess-results.com/tnr810578.aspx?lan=1,9,0.65,source-list-needs-page-verify,资料清单组别：女子一级棋士组；轮次 9 为规则默认值，抓取后以页面为准
chess-association-master-2023-6c7a289798,chess-association-master-2023-6c7a289798-men-candidate,2023,西安站,MEN_CANDIDATE,M,CANDIDATE,871330,https://chess-results.com/tnr871330.aspx?lan=1,9,0.65,source-list-needs-page-verify,资料清单组别：男子候补棋协大师组；轮次 9 为规则默认值，抓取后以页面为准
chess-association-master-2023-6c7a289798,chess-association-master-2023-6c7a289798-men-level-1,2023,西安站,MEN_LEVEL_1,M,LEVEL_1,871332,https://chess-results.com/tnr871332.aspx?lan=1,9,0.65,source-list-needs-page-verify,资料清单组别：男子一级棋士组；轮次 9 为规则默认值，抓取后以页面为准
chess-association-master-2023-6c7a289798,chess-association-master-2023-6c7a289798-open,2023,西安站,OPEN,,OPEN,871329,https://chess-results.com/tnr871329.aspx?lan=1,9,0.65,source-list-needs-page-verify,资料清单组别：棋协大师组；轮次 9 为规则默认值，抓取后以页面为准
chess-association-master-2023-6c7a289798,chess-association-master-2023-6c7a289798-women-candidate,2023,西安站,WOMEN_CANDIDATE,F,CANDIDATE,871333,https://chess-results.com/tnr871333.aspx?lan=1,9,0.65,source-list-needs-page-verify,资料清单组别：女子候补棋协大师组；轮次 9 为规则默认值，抓取后以页面为准
chess-association-master-2023-6c7a289798,chess-association-master-2023-6c7a289798-women-level-1,2023,西安站,WOMEN_LEVEL_1,F,LEVEL_1,872572,https://chess-results.com/tnr872572.aspx?lan=1,9,0.65,source-list-needs-page-verify,资料清单组别：女子一级棋士组；轮次 9 为规则默认值，抓取后以页面为准
chess-association-master-2023-6e9152d7aa,chess-association-master-2023-6e9152d7aa-men-candidate,2023,呼和浩特站,MEN_CANDIDATE,M,CANDIDATE,795570,https://chess-results.com/tnr795570.aspx?lan=1,9,0.65,source-list-needs-page-verify,资料清单组别：男子候补棋协大师组；轮次 9 为规则默认值，抓取后以页面为准
chess-association-master-2023-6e9152d7aa,chess-association-master-2023-6e9152d7aa-men-level-1,2023,呼和浩特站,MEN_LEVEL_1,M,LEVEL_1,795572,https://chess-results.com/tnr795572.aspx?lan=1,9,0.65,source-list-needs-page-verify,资料清单组别：男子一级棋士组；轮次 9 为规则默认值，抓取后以页面为准
chess-association-master-2023-6e9152d7aa,chess-association-master-2023-6e9152d7aa-open,2023,呼和浩特站,OPEN,,OPEN,795814,https://chess-results.com/tnr795814.aspx?lan=1,9,0.65,source-list-needs-page-verify,资料清单组别：棋协大师组；轮次 9 为规则默认值，抓取后以页面为准
chess-association-master-2023-6e9152d7aa,chess-association-master-2023-6e9152d7aa-women-candidate,2023,呼和浩特站,WOMEN_CANDIDATE,F,CANDIDATE,795573,https://chess-results.com/tnr795573.aspx?lan=1,9,0.65,source-list-needs-page-verify,资料清单组别：女子候补棋协大师组；轮次 9 为规则默认值，抓取后以页面为准
chess-association-master-2023-6e9152d7aa,chess-association-master-2023-6e9152d7aa-women-level-1,2023,呼和浩特站,WOMEN_LEVEL_1,F,LEVEL_1,795574,https://chess-results.com/tnr795574.aspx?lan=1,9,0.65,source-list-needs-page-verify,资料清单组别：女子一级棋士组；轮次 9 为规则默认值，抓取后以页面为准
chess-association-master-2023-b1fa1ec8b6,chess-association-master-2023-b1fa1ec8b6-men-candidate,2023,南京站,MEN_CANDIDATE,M,CANDIDATE,760004,https://chess-results.com/tnr760004.aspx?lan=1,9,0.65,source-list-needs-page-verify,资料清单组别：男子候补棋协大师组；轮次 9 为规则默认值，抓取后以页面为准
chess-association-master-2023-b1fa1ec8b6,chess-association-master-2023-b1fa1ec8b6-men-level-1,2023,南京站,MEN_LEVEL_1,M,LEVEL_1,759984,https://chess-results.com/tnr759984.aspx?lan=1,9,0.65,source-list-needs-page-verify,资料清单组别：男子一级棋士组；轮次 9 为规则默认值，抓取后以页面为准
chess-association-master-2023-b1fa1ec8b6,chess-association-master-2023-b1fa1ec8b6-open,2023,南京站,OPEN,,OPEN,759981,https://chess-results.com/tnr759981.aspx?lan=1,9,0.65,source-list-needs-page-verify,资料清单组别：棋协大师组；轮次 9 为规则默认值，抓取后以页面为准
chess-association-master-2023-b1fa1ec8b6,chess-association-master-2023-b1fa1ec8b6-women-candidate,2023,南京站,WOMEN_CANDIDATE,F,CANDIDATE,759983,https://chess-results.com/tnr759983.aspx?lan=1,9,0.65,source-list-needs-page-verify,资料清单组别：女子候补棋协大师组；轮次 9 为规则默认值，抓取后以页面为准
chess-association-master-2023-b1fa1ec8b6,chess-association-master-2023-b1fa1ec8b6-women-level-1,2023,南京站,WOMEN_LEVEL_1,F,LEVEL_1,759985,https://chess-results.com/tnr759985.aspx?lan=1,9,0.65,source-list-needs-page-verify,资料清单组别：女子一级棋士组；轮次 9 为规则默认值，抓取后以页面为准
chess-association-master-2023-c4d64c0a6f,chess-association-master-2023-c4d64c0a6f-men-candidate,2023,青岛站,MEN_CANDIDATE,M,CANDIDATE,871729,https://chess-results.com/tnr871729.aspx?lan=1,9,0.65,source-list-needs-page-verify,资料清单组别：男子候补棋协大师组；轮次 9 为规则默认值，抓取后以页面为准
chess-association-master-2023-c4d64c0a6f,chess-association-master-2023-c4d64c0a6f-men-level-1,2023,青岛站,MEN_LEVEL_1,M,LEVEL_1,871731,https://chess-results.com/tnr871731.aspx?lan=1,9,0.65,source-list-needs-page-verify,资料清单组别：男子一级棋士组；轮次 9 为规则默认值，抓取后以页面为准
chess-association-master-2023-c4d64c0a6f,chess-association-master-2023-c4d64c0a6f-open,2023,青岛站,OPEN,,OPEN,871728,https://chess-results.com/tnr871728.aspx?lan=1,9,0.65,source-list-needs-page-verify,资料清单组别：棋协大师组；轮次 9 为规则默认值，抓取后以页面为准
chess-association-master-2023-c4d64c0a6f,chess-association-master-2023-c4d64c0a6f-women-candidate,2023,青岛站,WOMEN_CANDIDATE,F,CANDIDATE,871730,https://chess-results.com/tnr871730.aspx?lan=1,9,0.65,source-list-needs-page-verify,资料清单组别：女子候补棋协大师组；轮次 9 为规则默认值，抓取后以页面为准
chess-association-master-2023-c4d64c0a6f,chess-association-master-2023-c4d64c0a6f-women-level-1,2023,青岛站,WOMEN_LEVEL_1,F,LEVEL_1,871732,https://chess-results.com/tnr871732.aspx?lan=1,9,0.65,source-list-needs-page-verify,资料清单组别：女子一级棋士组；轮次 9 为规则默认值，抓取后以页面为准
chess-association-master-2023-e82512a70a,chess-association-master-2023-e82512a70a-men-candidate,2023,聊城站,MEN_CANDIDATE,M,CANDIDATE,759562,https://chess-results.com/tnr759562.aspx?lan=1,9,0.65,source-list-needs-page-verify,资料清单组别：男子候补棋协大师组；轮次 9 为规则默认值，抓取后以页面为准
chess-association-master-2023-e82512a70a,chess-association-master-2023-e82512a70a-men-level-1,2023,聊城站,MEN_LEVEL_1,M,LEVEL_1,759563,https://chess-results.com/tnr759563.aspx?lan=1,9,0.65,source-list-needs-page-verify,资料清单组别：男子一级棋士组；轮次 9 为规则默认值，抓取后以页面为准
chess-association-master-2023-e82512a70a,chess-association-master-2023-e82512a70a-open,2023,聊城站,OPEN,,OPEN,759567,https://chess-results.com/tnr759567.aspx?lan=1,9,0.65,source-list-needs-page-verify,资料清单组别：棋协大师组；轮次 9 为规则默认值，抓取后以页面为准
chess-association-master-2023-e82512a70a,chess-association-master-2023-e82512a70a-women-candidate,2023,聊城站,WOMEN_CANDIDATE,F,CANDIDATE,759565,https://chess-results.com/tnr759565.aspx?lan=1,9,0.65,source-list-needs-page-verify,资料清单组别：女子候补棋协大师组；轮次 9 为规则默认值，抓取后以页面为准
chess-association-master-2023-e82512a70a,chess-association-master-2023-e82512a70a-women-level-1,2023,聊城站,WOMEN_LEVEL_1,F,LEVEL_1,759566,https://chess-results.com/tnr759566.aspx?lan=1,9,0.65,source-list-needs-page-verify,资料清单组别：女子一级棋士组；轮次 9 为规则默认值，抓取后以页面为准
chess-association-master-2024-0383078711,chess-association-master-2024-0383078711-men-level-1-b,2024,保定站,MEN_LEVEL_1,M,LEVEL_1_B,1035033,https://chess-results.com/tnr1035033.aspx?lan=1,9,0.65,source-list-needs-page-verify,资料清单组别：男子一级棋士B组；轮次 9 为规则默认值，抓取后以页面为准
chess-association-master-2024-0383078711,chess-association-master-2024-0383078711-women-level-1,2024,保定站,WOMEN_LEVEL_1,F,LEVEL_1,1035037,https://chess-results.com/tnr1035037.aspx?lan=1,9,0.65,source-list-needs-page-verify,资料清单组别：女子一级棋士组；轮次 9 为规则默认值，抓取后以页面为准
chess-association-master-2024-0f531dc913,chess-association-master-2024-0f531dc913-men-candidate,2024,聊城站,MEN_CANDIDATE,M,CANDIDATE,972544,https://chess-results.com/tnr972544.aspx?lan=1,9,0.65,source-list-needs-page-verify,资料清单组别：男子候补棋协大师组；轮次 9 为规则默认值，抓取后以页面为准
chess-association-master-2024-0f531dc913,chess-association-master-2024-0f531dc913-men-level-1,2024,聊城站,MEN_LEVEL_1,M,LEVEL_1,972546,https://chess-results.com/tnr972546.aspx?lan=1,9,0.65,source-list-needs-page-verify,资料清单组别：男子一级棋士组；轮次 9 为规则默认值，抓取后以页面为准
chess-association-master-2024-0f531dc913,chess-association-master-2024-0f531dc913-open,2024,聊城站,OPEN,,OPEN,972543,https://chess-results.com/tnr972543.aspx?lan=1,9,0.65,source-list-needs-page-verify,资料清单组别：棋协大师组；轮次 9 为规则默认值，抓取后以页面为准
chess-association-master-2024-0f531dc913,chess-association-master-2024-0f531dc913-women-candidate,2024,聊城站,WOMEN_CANDIDATE,F,CANDIDATE,972545,https://chess-results.com/tnr972545.aspx?lan=1,9,0.65,source-list-needs-page-verify,资料清单组别：女子候补棋协大师组；轮次 9 为规则默认值，抓取后以页面为准
chess-association-master-2024-1967dd7a14,chess-association-master-2024-1967dd7a14-men-candidate,2024,昌江站,MEN_CANDIDATE,M,CANDIDATE,982987,https://chess-results.com/tnr982987.aspx?lan=1,9,0.65,source-list-needs-page-verify,资料清单组别：男子候补棋协大师组；轮次 9 为规则默认值，抓取后以页面为准
chess-association-master-2024-1967dd7a14,chess-association-master-2024-1967dd7a14-men-level-1,2024,昌江站,MEN_LEVEL_1,M,LEVEL_1,982989,https://chess-results.com/tnr982989.aspx?lan=1,9,0.65,source-list-needs-page-verify,资料清单组别：男子一级棋士组；轮次 9 为规则默认值，抓取后以页面为准
chess-association-master-2024-1967dd7a14,chess-association-master-2024-1967dd7a14-open,2024,昌江站,OPEN,,OPEN,982986,https://chess-results.com/tnr982986.aspx?lan=1,9,0.65,source-list-needs-page-verify,资料清单组别：棋协大师组；轮次 9 为规则默认值，抓取后以页面为准
chess-association-master-2024-1967dd7a14,chess-association-master-2024-1967dd7a14-women-candidate,2024,昌江站,WOMEN_CANDIDATE,F,CANDIDATE,982988,https://chess-results.com/tnr982988.aspx?lan=1,9,0.65,source-list-needs-page-verify,资料清单组别：女子候补棋协大师组；轮次 9 为规则默认值，抓取后以页面为准
chess-association-master-2024-1967dd7a14,chess-association-master-2024-1967dd7a14-women-level-1,2024,昌江站,WOMEN_LEVEL_1,F,LEVEL_1,982990,https://chess-results.com/tnr982990.aspx?lan=1,9,0.65,source-list-needs-page-verify,资料清单组别：女子一级棋士组；轮次 9 为规则默认值，抓取后以页面为准
chess-association-master-2024-3ce0b91f2d,chess-association-master-2024-3ce0b91f2d-open,2024,嘉兴站,OPEN,,OPEN,987959,https://chess-results.com/tnr987959.aspx?lan=1,9,0.65,source-list-needs-page-verify,资料清单组别：棋协大师组；轮次 9 为规则默认值，抓取后以页面为准
chess-association-master-2024-3ce0b91f2d,chess-association-master-2024-3ce0b91f2d-women-candidate,2024,嘉兴站,WOMEN_CANDIDATE,F,CANDIDATE,987963,https://chess-results.com/tnr987963.aspx?lan=1,9,0.65,source-list-needs-page-verify,资料清单组别：女子候补棋协大师组；轮次 9 为规则默认值，抓取后以页面为准
chess-association-master-2024-3ce0b91f2d,chess-association-master-2024-3ce0b91f2d-women-level-1,2024,嘉兴站,WOMEN_LEVEL_1,F,LEVEL_1,987968,https://chess-results.com/tnr987968.aspx?lan=1,9,0.65,source-list-needs-page-verify,资料清单组别：女子一级棋士组；轮次 9 为规则默认值，抓取后以页面为准
chess-association-master-2024-537bf41968,chess-association-master-2024-537bf41968-men-candidate,2024,青岛站,MEN_CANDIDATE,M,CANDIDATE,1084863,https://chess-results.com/tnr1084863.aspx?lan=1,9,0.65,source-list-needs-page-verify,资料清单组别：男子候补棋协大师组；轮次 9 为规则默认值，抓取后以页面为准
chess-association-master-2024-537bf41968,chess-association-master-2024-537bf41968-men-level-1-a,2024,青岛站,MEN_LEVEL_1,M,LEVEL_1_A,1084861,https://chess-results.com/tnr1084861.aspx?lan=1,9,0.65,source-list-needs-page-verify,资料清单组别：男子一级棋士A组；轮次 9 为规则默认值，抓取后以页面为准
chess-association-master-2024-537bf41968,chess-association-master-2024-537bf41968-men-level-1-b,2024,青岛站,MEN_LEVEL_1,M,LEVEL_1_B,1084865,https://chess-results.com/tnr1084865.aspx?lan=1,9,0.65,source-list-needs-page-verify,资料清单组别：男子一级棋士B组；轮次 9 为规则默认值，抓取后以页面为准
chess-association-master-2024-537bf41968,chess-association-master-2024-537bf41968-open,2024,青岛站,OPEN,,OPEN,1084857,https://chess-results.com/tnr1084857.aspx?lan=1,9,0.65,source-list-needs-page-verify,资料清单组别：棋协大师组；轮次 9 为规则默认值，抓取后以页面为准
chess-association-master-2024-537bf41968,chess-association-master-2024-537bf41968-women-candidate,2024,青岛站,WOMEN_CANDIDATE,F,CANDIDATE,1084864,https://chess-results.com/tnr1084864.aspx?lan=1,9,0.65,source-list-needs-page-verify,资料清单组别：女子候补棋协大师组；轮次 9 为规则默认值，抓取后以页面为准
chess-association-master-2024-537bf41968,chess-association-master-2024-537bf41968-women-level-1,2024,青岛站,WOMEN_LEVEL_1,F,LEVEL_1,1084860,https://chess-results.com/tnr1084860.aspx?lan=1,9,0.65,source-list-needs-page-verify,资料清单组别：女子一级棋士组；轮次 9 为规则默认值，抓取后以页面为准
chess-association-master-2024-692c7d017e,chess-association-master-2024-692c7d017e-men-candidate,2024,重庆站·涪陵,MEN_CANDIDATE,M,CANDIDATE,977128,https://chess-results.com/tnr977128.aspx?lan=1,9,0.65,source-list-needs-page-verify,资料清单组别：男子候补棋协大师组；轮次 9 为规则默认值，抓取后以页面为准
chess-association-master-2024-692c7d017e,chess-association-master-2024-692c7d017e-men-level-1,2024,重庆站·涪陵,MEN_LEVEL_1,M,LEVEL_1,977132,https://chess-results.com/tnr977132.aspx?lan=1,9,0.65,source-list-needs-page-verify,资料清单组别：男子一级棋士组；轮次 9 为规则默认值，抓取后以页面为准
chess-association-master-2024-692c7d017e,chess-association-master-2024-692c7d017e-open,2024,重庆站·涪陵,OPEN,,OPEN,977127,https://chess-results.com/tnr977127.aspx?lan=1,9,0.65,source-list-needs-page-verify,资料清单组别：棋协大师组；轮次 9 为规则默认值，抓取后以页面为准
chess-association-master-2024-692c7d017e,chess-association-master-2024-692c7d017e-women-candidate,2024,重庆站·涪陵,WOMEN_CANDIDATE,F,CANDIDATE,977129,https://chess-results.com/tnr977129.aspx?lan=1,9,0.65,source-list-needs-page-verify,资料清单组别：女子候补棋协大师组；轮次 9 为规则默认值，抓取后以页面为准
chess-association-master-2024-709e03e4a3,chess-association-master-2024-709e03e4a3-men-candidate,2024,沈阳站,MEN_CANDIDATE,M,CANDIDATE,991297,https://chess-results.com/tnr991297.aspx?lan=1,9,0.65,source-list-needs-page-verify,资料清单组别：男子候补棋协大师组；轮次 9 为规则默认值，抓取后以页面为准
chess-association-master-2024-709e03e4a3,chess-association-master-2024-709e03e4a3-open,2024,沈阳站,OPEN,,OPEN,991295,https://chess-results.com/tnr991295.aspx?lan=1,9,0.65,source-list-needs-page-verify,资料清单组别：棋协大师组；轮次 9 为规则默认值，抓取后以页面为准
chess-association-master-2024-709e03e4a3,chess-association-master-2024-709e03e4a3-women-candidate,2024,沈阳站,WOMEN_CANDIDATE,F,CANDIDATE,991299,https://chess-results.com/tnr991299.aspx?lan=1,9,0.65,source-list-needs-page-verify,资料清单组别：女子候补棋协大师组；轮次 9 为规则默认值，抓取后以页面为准
chess-association-master-2024-709e03e4a3,chess-association-master-2024-709e03e4a3-women-level-1,2024,沈阳站,WOMEN_LEVEL_1,F,LEVEL_1,991301,https://chess-results.com/tnr991301.aspx?lan=1,9,0.65,source-list-needs-page-verify,资料清单组别：女子一级棋士组；轮次 9 为规则默认值，抓取后以页面为准
chess-association-master-2024-8fb974a39d,chess-association-master-2024-8fb974a39d-men-candidate,2024,苏州站,MEN_CANDIDATE,M,CANDIDATE,990919,https://chess-results.com/tnr990919.aspx?lan=1,9,0.65,source-list-needs-page-verify,资料清单组别：男子候补棋协大师组；轮次 9 为规则默认值，抓取后以页面为准
chess-association-master-2024-8fb974a39d,chess-association-master-2024-8fb974a39d-men-level-1,2024,苏州站,MEN_LEVEL_1,M,LEVEL_1,990918,https://chess-results.com/tnr990918.aspx?lan=1,9,0.65,source-list-needs-page-verify,资料清单组别：男子一级棋士组；轮次 9 为规则默认值，抓取后以页面为准
chess-association-master-2024-8fb974a39d,chess-association-master-2024-8fb974a39d-open,2024,苏州站,OPEN,,OPEN,990921,https://chess-results.com/tnr990921.aspx?lan=1,9,0.65,source-list-needs-page-verify,资料清单组别：棋协大师组；轮次 9 为规则默认值，抓取后以页面为准
chess-association-master-2024-8fb974a39d,chess-association-master-2024-8fb974a39d-women-candidate,2024,苏州站,WOMEN_CANDIDATE,F,CANDIDATE,990920,https://chess-results.com/tnr990920.aspx?lan=1,9,0.65,source-list-needs-page-verify,资料清单组别：女子候补棋协大师组；轮次 9 为规则默认值，抓取后以页面为准
chess-association-master-2024-8fb974a39d,chess-association-master-2024-8fb974a39d-women-level-1,2024,苏州站,WOMEN_LEVEL_1,F,LEVEL_1,990917,https://chess-results.com/tnr990917.aspx?lan=1,9,0.65,source-list-needs-page-verify,资料清单组别：女子一级棋士组；轮次 9 为规则默认值，抓取后以页面为准
chess-association-master-2024-954381db25,chess-association-master-2024-954381db25-men-level-1-b,2024,温州站,MEN_LEVEL_1,M,LEVEL_1_B,1032688,https://chess-results.com/tnr1032688.aspx?lan=1,9,0.65,source-list-needs-page-verify,资料清单组别：男子一级棋士B组；轮次 9 为规则默认值，抓取后以页面为准
chess-association-master-2024-954381db25,chess-association-master-2024-954381db25-open,2024,温州站,OPEN,,OPEN,1032685,https://chess-results.com/tnr1032685.aspx?lan=1,9,0.65,source-list-needs-page-verify,资料清单组别：棋协大师组；轮次 9 为规则默认值，抓取后以页面为准
chess-association-master-2024-954381db25,chess-association-master-2024-954381db25-women-candidate,2024,温州站,WOMEN_CANDIDATE,F,CANDIDATE,1032686,https://chess-results.com/tnr1032686.aspx?lan=1,9,0.65,source-list-needs-page-verify,资料清单组别：女子候补棋协大师组；轮次 9 为规则默认值，抓取后以页面为准
chess-association-master-2024-9e5d3165c4,chess-association-master-2024-9e5d3165c4-men-candidate,2024,大庆站,MEN_CANDIDATE,M,CANDIDATE,1002734,https://chess-results.com/tnr1002734.aspx?lan=1,9,0.65,source-list-needs-page-verify,资料清单组别：男子候补大师组；轮次 9 为规则默认值，抓取后以页面为准
chess-association-master-2024-9e5d3165c4,chess-association-master-2024-9e5d3165c4-men-level-1,2024,大庆站,MEN_LEVEL_1,M,LEVEL_1,1002736,https://chess-results.com/tnr1002736.aspx?lan=1,9,0.65,source-list-needs-page-verify,资料清单组别：男子一级棋士组；轮次 9 为规则默认值，抓取后以页面为准
chess-association-master-2024-9e5d3165c4,chess-association-master-2024-9e5d3165c4-open,2024,大庆站,OPEN,,OPEN,1002732,https://chess-results.com/tnr1002732.aspx?lan=1,9,0.65,source-list-needs-page-verify,资料清单组别：棋协大师组；轮次 9 为规则默认值，抓取后以页面为准
chess-association-master-2024-9e5d3165c4,chess-association-master-2024-9e5d3165c4-women-candidate,2024,大庆站,WOMEN_CANDIDATE,F,CANDIDATE,1002735,https://chess-results.com/tnr1002735.aspx?lan=1,9,0.65,source-list-needs-page-verify,资料清单组别：女子候补大师组；轮次 9 为规则默认值，抓取后以页面为准
chess-association-master-2024-9e5d3165c4,chess-association-master-2024-9e5d3165c4-women-level-1,2024,大庆站,WOMEN_LEVEL_1,F,LEVEL_1,1002737,https://chess-results.com/tnr1002737.aspx?lan=1,9,0.65,source-list-needs-page-verify,资料清单组别：女子一级棋士组；轮次 9 为规则默认值，抓取后以页面为准
chess-association-master-2024-9e5d3165c4,chess-association-master-2024-9e5d3165c4-women-open,2024,大庆站,WOMEN_OPEN,F,OPEN,1002733,https://chess-results.com/tnr1002733.aspx?lan=1,9,0.65,source-list-needs-page-verify,资料清单组别：女子棋协大师组；轮次 9 为规则默认值，抓取后以页面为准
chess-association-master-2024-abe44488f3,chess-association-master-2024-abe44488f3-men-level-1-b,2024,桂林站,MEN_LEVEL_1,M,LEVEL_1_B,1049972,https://chess-results.com/tnr1049972.aspx?lan=1,9,0.65,source-list-needs-page-verify,资料清单组别：男子一级棋士B组；轮次 9 为规则默认值，抓取后以页面为准
chess-association-master-2024-abe44488f3,chess-association-master-2024-abe44488f3-open,2024,桂林站,OPEN,,OPEN,1049971,https://chess-results.com/tnr1049971.aspx?lan=1,9,0.65,source-list-needs-page-verify,资料清单组别：棋协大师组；轮次 9 为规则默认值，抓取后以页面为准
chess-association-master-2024-abe44488f3,chess-association-master-2024-abe44488f3-women-level-1,2024,桂林站,WOMEN_LEVEL_1,F,LEVEL_1,1049967,https://chess-results.com/tnr1049967.aspx?lan=1,9,0.65,source-list-needs-page-verify,资料清单组别：女子一级棋士组；轮次 9 为规则默认值，抓取后以页面为准
chess-association-master-2024-b9c993e0aa,chess-association-master-2024-b9c993e0aa-men-candidate,2024,儋州总决赛,MEN_CANDIDATE,M,CANDIDATE,1100490,https://chess-results.com/tnr1100490.aspx?lan=1,9,0.65,source-list-needs-page-verify,资料清单组别：男子候补棋协大师组；轮次 9 为规则默认值，抓取后以页面为准
chess-association-master-2024-b9c993e0aa,chess-association-master-2024-b9c993e0aa-men-level-1-a,2024,儋州总决赛,MEN_LEVEL_1,M,LEVEL_1_A,1100489,https://chess-results.com/tnr1100489.aspx?lan=1,9,0.65,source-list-needs-page-verify,资料清单组别：男子一级棋士A组；轮次 9 为规则默认值，抓取后以页面为准
chess-association-master-2024-b9c993e0aa,chess-association-master-2024-b9c993e0aa-men-level-1-b,2024,儋州总决赛,MEN_LEVEL_1,M,LEVEL_1_B,1100487,https://chess-results.com/tnr1100487.aspx?lan=1,9,0.65,source-list-needs-page-verify,资料清单组别：男子一级棋士B组；轮次 9 为规则默认值，抓取后以页面为准
chess-association-master-2024-b9c993e0aa,chess-association-master-2024-b9c993e0aa-open,2024,儋州总决赛,OPEN,,OPEN,1100491,https://chess-results.com/tnr1100491.aspx?lan=1,9,0.65,source-list-needs-page-verify,资料清单组别：棋协大师组；轮次 9 为规则默认值，抓取后以页面为准
chess-association-master-2024-b9c993e0aa,chess-association-master-2024-b9c993e0aa-women-candidate,2024,儋州总决赛,WOMEN_CANDIDATE,F,CANDIDATE,1100486,https://chess-results.com/tnr1100486.aspx?lan=1,9,0.65,source-list-needs-page-verify,资料清单组别：女子候补棋协大师组；轮次 9 为规则默认值，抓取后以页面为准
chess-association-master-2024-b9c993e0aa,chess-association-master-2024-b9c993e0aa-women-level-1,2024,儋州总决赛,WOMEN_LEVEL_1,F,LEVEL_1,1100485,https://chess-results.com/tnr1100485.aspx?lan=1,9,0.65,source-list-needs-page-verify,资料清单组别：女子一级棋士组；轮次 9 为规则默认值，抓取后以页面为准
chess-association-master-2024-cd6c4d92b2,chess-association-master-2024-cd6c4d92b2-men-level-1-a,2024,南京站,MEN_LEVEL_1,M,LEVEL_1_A,1089811,https://chess-results.com/tnr1089811.aspx?lan=1,9,0.65,source-list-needs-page-verify,资料清单组别：男子一级棋士A组；轮次 9 为规则默认值，抓取后以页面为准
chess-association-master-2024-cd6c4d92b2,chess-association-master-2024-cd6c4d92b2-men-level-1-b,2024,南京站,MEN_LEVEL_1,M,LEVEL_1_B,1089809,https://chess-results.com/tnr1089809.aspx?lan=1,9,0.65,source-list-needs-page-verify,资料清单组别：男子一级棋士B组；轮次 9 为规则默认值，抓取后以页面为准
chess-association-master-2024-cd6c4d92b2,chess-association-master-2024-cd6c4d92b2-women-candidate,2024,南京站,WOMEN_CANDIDATE,F,CANDIDATE,1089808,https://chess-results.com/tnr1089808.aspx?lan=1,9,0.65,source-list-needs-page-verify,资料清单组别：女子候补棋协大师组；轮次 9 为规则默认值，抓取后以页面为准
chess-association-master-2024-cd6c4d92b2,chess-association-master-2024-cd6c4d92b2-women-level-1,2024,南京站,WOMEN_LEVEL_1,F,LEVEL_1,1089807,https://chess-results.com/tnr1089807.aspx?lan=1,9,0.65,source-list-needs-page-verify,资料清单组别：女子一级棋士组；轮次 9 为规则默认值，抓取后以页面为准
chess-association-master-2024-e51af2757c,chess-association-master-2024-e51af2757c-men-candidate,2024,北京站,MEN_CANDIDATE,M,CANDIDATE,1080644,https://chess-results.com/tnr1080644.aspx?lan=1,9,0.65,source-list-needs-page-verify,资料清单组别：男子候补棋协大师组；轮次 9 为规则默认值，抓取后以页面为准
chess-association-master-2024-e51af2757c,chess-association-master-2024-e51af2757c-men-level-1,2024,北京站,MEN_LEVEL_1,M,LEVEL_1,1080647,https://chess-results.com/tnr1080647.aspx?lan=1,9,0.65,source-list-needs-page-verify,资料清单组别：男子一级棋士组；轮次 9 为规则默认值，抓取后以页面为准
chess-association-master-2024-e51af2757c,chess-association-master-2024-e51af2757c-women-candidate,2024,北京站,WOMEN_CANDIDATE,F,CANDIDATE,1080645,https://chess-results.com/tnr1080645.aspx?lan=1,9,0.65,source-list-needs-page-verify,资料清单组别：女子候补棋协大师组；轮次 9 为规则默认值，抓取后以页面为准
chess-association-master-2024-e51af2757c,chess-association-master-2024-e51af2757c-women-level-1,2024,北京站,WOMEN_LEVEL_1,F,LEVEL_1,1080649,https://chess-results.com/tnr1080649.aspx?lan=1,9,0.65,source-list-needs-page-verify,资料清单组别：女子一级棋士组；轮次 9 为规则默认值，抓取后以页面为准
chess-association-master-2024-e52a9e1e4e,chess-association-master-2024-e52a9e1e4e-men-candidate,2024,绍兴站,MEN_CANDIDATE,M,CANDIDATE,967425,https://chess-results.com/tnr967425.aspx?lan=1,9,0.65,source-list-needs-page-verify,资料清单组别：男子候补棋协大师组；轮次 9 为规则默认值，抓取后以页面为准
chess-association-master-2024-e52a9e1e4e,chess-association-master-2024-e52a9e1e4e-men-level-1,2024,绍兴站,MEN_LEVEL_1,M,LEVEL_1,967426,https://chess-results.com/tnr967426.aspx?lan=1,9,0.65,source-list-needs-page-verify,资料清单组别：男子一级棋士组；轮次 9 为规则默认值，抓取后以页面为准
chess-association-master-2024-e52a9e1e4e,chess-association-master-2024-e52a9e1e4e-women-level-1,2024,绍兴站,WOMEN_LEVEL_1,F,LEVEL_1,967430,https://chess-results.com/tnr967430.aspx?lan=1,9,0.65,source-list-needs-page-verify,资料清单组别：女子一级棋士组；轮次 9 为规则默认值，抓取后以页面为准
chess-association-master-2024-f2f3a9b0ad,chess-association-master-2024-f2f3a9b0ad-men-candidate,2024,郑州站,MEN_CANDIDATE,M,CANDIDATE,1024470,https://chess-results.com/tnr1024470.aspx?lan=1,9,0.65,source-list-needs-page-verify,资料清单组别：男子候补棋协大师组；轮次 9 为规则默认值，抓取后以页面为准
chess-association-master-2024-f2f3a9b0ad,chess-association-master-2024-f2f3a9b0ad-men-level-1,2024,郑州站,MEN_LEVEL_1,M,LEVEL_1,1024471,https://chess-results.com/tnr1024471.aspx?lan=1,9,0.65,source-list-needs-page-verify,资料清单组别：男子一级棋士组；轮次 9 为规则默认值，抓取后以页面为准
chess-association-master-2024-f602d3db87,chess-association-master-2024-f602d3db87-men-candidate,2024,呼和浩特站,MEN_CANDIDATE,M,CANDIDATE,986381,https://chess-results.com/tnr986381.aspx?lan=1,9,0.65,source-list-needs-page-verify,资料清单组别：男子候补棋协大师组；轮次 9 为规则默认值，抓取后以页面为准
chess-association-master-2024-f602d3db87,chess-association-master-2024-f602d3db87-men-level-1,2024,呼和浩特站,MEN_LEVEL_1,M,LEVEL_1,986385,https://chess-results.com/tnr986385.aspx?lan=1,9,0.65,source-list-needs-page-verify,资料清单组别：男子一级棋士组；轮次 9 为规则默认值，抓取后以页面为准
chess-association-master-2024-f602d3db87,chess-association-master-2024-f602d3db87-open,2024,呼和浩特站,OPEN,,OPEN,986379,https://chess-results.com/tnr986379.aspx?lan=1,9,0.65,source-list-needs-page-verify,资料清单组别：棋协大师组；轮次 9 为规则默认值，抓取后以页面为准
chess-association-master-2024-f602d3db87,chess-association-master-2024-f602d3db87-women-candidate,2024,呼和浩特站,WOMEN_CANDIDATE,F,CANDIDATE,986383,https://chess-results.com/tnr986383.aspx?lan=1,9,0.65,source-list-needs-page-verify,资料清单组别：女子候补棋协大师组；轮次 9 为规则默认值，抓取后以页面为准
chess-association-master-2025-05f5957888,chess-association-master-2025-05f5957888-men-candidate,2025,东台站,MEN_CANDIDATE,M,CANDIDATE,1213351,https://chess-results.com/tnr1213351.aspx?lan=1,9,0.65,source-list-needs-page-verify,资料清单组别：男子候补棋协大师组；轮次 9 为规则默认值，抓取后以页面为准
chess-association-master-2025-05f5957888,chess-association-master-2025-05f5957888-men-level-1,2025,东台站,MEN_LEVEL_1,M,LEVEL_1,1213361,https://chess-results.com/tnr1213361.aspx?lan=1,9,0.65,source-list-needs-page-verify,资料清单组别：男子一级棋士组；轮次 9 为规则默认值，抓取后以页面为准
chess-association-master-2025-05f5957888,chess-association-master-2025-05f5957888-women-candidate,2025,东台站,WOMEN_CANDIDATE,F,CANDIDATE,1213317,https://chess-results.com/tnr1213317.aspx?lan=1,9,0.65,source-list-needs-page-verify,资料清单组别：女子候补棋协大师组；轮次 9 为规则默认值，抓取后以页面为准
chess-association-master-2025-05f5957888,chess-association-master-2025-05f5957888-women-level-1,2025,东台站,WOMEN_LEVEL_1,F,LEVEL_1,1213320,https://chess-results.com/tnr1213320.aspx?lan=1,9,0.65,source-list-needs-page-verify,资料清单组别：女子一级棋士组；轮次 9 为规则默认值，抓取后以页面为准
chess-association-master-2025-0821c2080c,chess-association-master-2025-0821c2080c-men-candidate,2025,上海站·青浦杯,MEN_CANDIDATE,M,CANDIDATE,1227492,https://chess-results.com/tnr1227492.aspx?lan=1,9,0.65,source-list-needs-page-verify,资料清单组别：男子候补棋协大师组；轮次 9 为规则默认值，抓取后以页面为准
chess-association-master-2025-0821c2080c,chess-association-master-2025-0821c2080c-men-level-1,2025,上海站·青浦杯,MEN_LEVEL_1,M,LEVEL_1,1227491,https://chess-results.com/tnr1227491.aspx?lan=1,9,0.65,source-list-needs-page-verify,资料清单组别：男子一级棋士组；轮次 9 为规则默认值，抓取后以页面为准
chess-association-master-2025-0821c2080c,chess-association-master-2025-0821c2080c-open,2025,上海站·青浦杯,OPEN,,OPEN,1227488,https://chess-results.com/tnr1227488.aspx?lan=1,9,0.65,source-list-needs-page-verify,资料清单组别：棋协大师组；轮次 9 为规则默认值，抓取后以页面为准
chess-association-master-2025-0821c2080c,chess-association-master-2025-0821c2080c-women-candidate,2025,上海站·青浦杯,WOMEN_CANDIDATE,F,CANDIDATE,1227490,https://chess-results.com/tnr1227490.aspx?lan=1,9,0.65,source-list-needs-page-verify,资料清单组别：女子候补棋协大师组；轮次 9 为规则默认值，抓取后以页面为准
chess-association-master-2025-0821c2080c,chess-association-master-2025-0821c2080c-women-level-1,2025,上海站·青浦杯,WOMEN_LEVEL_1,F,LEVEL_1,1227489,https://chess-results.com/tnr1227489.aspx?lan=1,9,0.65,source-list-needs-page-verify,资料清单组别：女子一级棋士组；轮次 9 为规则默认值，抓取后以页面为准
chess-association-master-2025-1c5589a88d,chess-association-master-2025-1c5589a88d-men-candidate,2025,绍兴站,MEN_CANDIDATE,M,CANDIDATE,1214029,https://chess-results.com/tnr1214029.aspx?lan=1,9,0.65,source-list-needs-page-verify,资料清单组别：男子候补棋协大师组；轮次 9 为规则默认值，抓取后以页面为准
chess-association-master-2025-1c5589a88d,chess-association-master-2025-1c5589a88d-men-level-1,2025,绍兴站,MEN_LEVEL_1,M,LEVEL_1,1214028,https://chess-results.com/tnr1214028.aspx?lan=1,9,0.65,source-list-needs-page-verify,资料清单组别：男子一级棋士组；轮次 9 为规则默认值，抓取后以页面为准
chess-association-master-2025-1c5589a88d,chess-association-master-2025-1c5589a88d-open,2025,绍兴站,OPEN,,OPEN,1214030,https://chess-results.com/tnr1214030.aspx?lan=1,9,0.65,source-list-needs-page-verify,资料清单组别：棋协大师组；轮次 9 为规则默认值，抓取后以页面为准
chess-association-master-2025-1c5589a88d,chess-association-master-2025-1c5589a88d-women-candidate,2025,绍兴站,WOMEN_CANDIDATE,F,CANDIDATE,1214027,https://chess-results.com/tnr1214027.aspx?lan=1,9,0.65,source-list-needs-page-verify,资料清单组别：女子候补棋协大师组；轮次 9 为规则默认值，抓取后以页面为准
chess-association-master-2025-1c5589a88d,chess-association-master-2025-1c5589a88d-women-level-1,2025,绍兴站,WOMEN_LEVEL_1,F,LEVEL_1,1214026,https://chess-results.com/tnr1214026.aspx?lan=1,9,0.65,source-list-needs-page-verify,资料清单组别：女子一级棋士组；轮次 9 为规则默认值，抓取后以页面为准
chess-association-master-2025-2b8c50632d,chess-association-master-2025-2b8c50632d-men-level-1,2025,聊城站,MEN_LEVEL_1,M,LEVEL_1,1233107,https://chess-results.com/tnr1233107.aspx?lan=1,9,0.65,source-list-needs-page-verify,资料清单组别：男子一级棋士组；轮次 9 为规则默认值，抓取后以页面为准
chess-association-master-2025-2b8c50632d,chess-association-master-2025-2b8c50632d-women-level-1,2025,聊城站,WOMEN_LEVEL_1,F,LEVEL_1,1233109,https://chess-results.com/tnr1233109.aspx?lan=1,9,0.65,source-list-needs-page-verify,资料清单组别：女子一级棋士组；轮次 9 为规则默认值，抓取后以页面为准
chess-association-master-2025-599e187306,chess-association-master-2025-599e187306-men-candidate,2025,杭州站,MEN_CANDIDATE,M,CANDIDATE,1213325,https://chess-results.com/tnr1213325.aspx?lan=1,9,0.65,source-list-needs-page-verify,资料清单组别：男子候补棋协大师组；轮次 9 为规则默认值，抓取后以页面为准
chess-association-master-2025-599e187306,chess-association-master-2025-599e187306-men-level-1,2025,杭州站,MEN_LEVEL_1,M,LEVEL_1,1213322,https://chess-results.com/tnr1213322.aspx?lan=1,9,0.65,source-list-needs-page-verify,资料清单组别：男子一级棋士组；轮次 9 为规则默认值，抓取后以页面为准
chess-association-master-2025-599e187306,chess-association-master-2025-599e187306-open,2025,杭州站,OPEN,,OPEN,1213323,https://chess-results.com/tnr1213323.aspx?lan=1,9,0.65,source-page-record-not-found,资料清单组别：棋协大师组；2026-07-14 本地核验：art=0/15/16 三节点均返回 Record not found（证据存私有 raw），TNR 疑似登记错误或已删除；待人工核对正确 TNR 后同步修正三处登记，勿只删队列
chess-association-master-2025-599e187306,chess-association-master-2025-599e187306-women-candidate,2025,杭州站,WOMEN_CANDIDATE,F,CANDIDATE,1213358,https://chess-results.com/tnr1213358.aspx?lan=1,9,0.65,source-list-needs-page-verify,资料清单组别：女子候补棋协大师组；轮次 9 为规则默认值，抓取后以页面为准
chess-association-master-2025-599e187306,chess-association-master-2025-599e187306-women-level-1,2025,杭州站,WOMEN_LEVEL_1,F,LEVEL_1,1213359,https://chess-results.com/tnr1213359.aspx?lan=1,9,0.65,source-list-needs-page-verify,资料清单组别：女子一级棋士组；轮次 9 为规则默认值，抓取后以页面为准
chess-association-master-2025-754f609cea,chess-association-master-2025-754f609cea-men-candidate,2025,澄迈站,MEN_CANDIDATE,M,CANDIDATE,1226585,https://chess-results.com/tnr1226585.aspx?lan=1,9,0.65,source-list-needs-page-verify,资料清单组别：男子候补棋协大师组；轮次 9 为规则默认值，抓取后以页面为准
chess-association-master-2025-754f609cea,chess-association-master-2025-754f609cea-men-level-1-a,2025,澄迈站,MEN_LEVEL_1,M,LEVEL_1_A,1226586,https://chess-results.com/tnr1226586.aspx?lan=1,9,0.65,source-list-needs-page-verify,资料清单组别：男子一级棋士A组；轮次 9 为规则默认值，抓取后以页面为准
chess-association-master-2025-754f609cea,chess-association-master-2025-754f609cea-women-candidate,2025,澄迈站,WOMEN_CANDIDATE,F,CANDIDATE,1226587,https://chess-results.com/tnr1226587.aspx?lan=1,9,0.65,source-list-needs-page-verify,资料清单组别：女子候补棋协大师组；轮次 9 为规则默认值，抓取后以页面为准
chess-association-master-2025-754f609cea,chess-association-master-2025-754f609cea-women-level-1,2025,澄迈站,WOMEN_LEVEL_1,F,LEVEL_1,1226588,https://chess-results.com/tnr1226588.aspx?lan=1,9,0.65,source-list-needs-page-verify,资料清单组别：女子一级棋士组；轮次 9 为规则默认值，抓取后以页面为准
chess-association-master-xian-2025,xian-2025-women-level-1,2025,西安站,WOMEN_LEVEL_1,F,LEVEL_1,1233589,https://chess-results.com/tnr1233589.aspx?lan=1,9,0.65,verified,女子一级棋士组
chess-association-master-2026-anyang,anyang-2026-open,2026,安阳站,OPEN,,OPEN,1429695,https://chess-results.com/tnr1429695.aspx?lan=1,9,0.65,verified,页面已验证为公开组且最终排名为9轮
chess-association-master-jiaxing-2026,jiaxing-2026-open,2026,嘉兴站,OPEN,M,OPEN,1426529,https://chess-results.com/tnr1426529.aspx?lan=1,9,0.65,needs-review,公开组链接已登记；轮次需在赛后复核
