sighting_id,source,event_id,event_name,event_date,group,age_stage,player_name,chinese_name,pinyin_name,sex,birth_year,province,club,rank,score,source_player_no,source_url,notes
sighting-cr-start-d7be30699c6b8067,chess-results-starting-rank,chess-results-tnr1233589,2025年全国国际象棋棋协大师赛(西安站） 女子一级棋士组,,2025年全国国际象棋棋协大师赛(西安站） 女子一级棋士组,,陈锦莉,陈锦莉,,,,,资阳市雁江区第七小学,,,1,https://chess-results.com/Test/tnr1233589.aspx?lan=1&art=0&zeilen=99999,tnr1233589 2025年全国国际象棋棋协大师赛(西安站） 女子一级棋士组 No.1 Name column
sighting-cr-start-1184bfddb47d9b52,chess-results-starting-rank,chess-results-tnr1233589,2025年全国国际象棋棋协大师赛(西安站） 女子一级棋士组,,2025年全国国际象棋棋协大师赛(西安站） 女子一级棋士组,,汤诗桐,汤诗桐,,,,,上海悦弈国际象棋俱乐部,,,2,https://chess-results.com/Test/tnr1233589.aspx?lan=1&art=0&zeilen=99999,tnr1233589 2025年全国国际象棋棋协大师赛(西安站） 女子一级棋士组 No.2 Name column
sighting-cr-start-e1d4ea64971d347f,chess-results-starting-rank,chess-results-tnr1233589,2025年全国国际象棋棋协大师赛(西安站） 女子一级棋士组,,2025年全国国际象棋棋协大师赛(西安站） 女子一级棋士组,,陈文萱,陈文萱,,,,,思承棋院,,,3,https://chess-results.com/Test/tnr1233589.aspx?lan=1&art=0&zeilen=99999,tnr1233589 2025年全国国际象棋棋协大师赛(西安站） 女子一级棋士组 No.3 Name column
sighting-cr-start-9b4472a8b5a86ebd,chess-results-starting-rank,chess-results-tnr1233589,2025年全国国际象棋棋协大师赛(西安站） 女子一级棋士组,,2025年全国国际象棋棋协大师赛(西安站） 女子一级棋士组,,孟思瑾,孟思瑾,,,,,北京国象常青藤棋馆,,,4,https://chess-results.com/Test/tnr1233589.aspx?lan=1&art=0&zeilen=99999,tnr1233589 2025年全国国际象棋棋协大师赛(西安站） 女子一级棋士组 No.4 Name column
sighting-cr-start-256c0ad8ca1c2a9c,chess-results-starting-rank,chess-results-tnr1233589,2025年全国国际象棋棋协大师赛(西安站） 女子一级棋士组,,2025年全国国际象棋棋协大师赛(西安站） 女子一级棋士组,,陆长立,陆长立,,,,,上海国际象棋小世界棋艺俱乐部,,,5,https://chess-results.com/Test/tnr1233589.aspx?lan=1&art=0&zeilen=99999,tnr1233589 2025年全国国际象棋棋协大师赛(西安站） 女子一级棋士组 No.5 Name column
sighting-cr-start-3a18648f2b5bf538,chess-results-starting-rank,chess-results-tnr1233589,2025年全国国际象棋棋协大师赛(西安站） 女子一级棋士组,,2025年全国国际象棋棋协大师赛(西安站） 女子一级棋士组,,胡彧,胡彧,,,,,包头市国际象棋（蒙古象棋）协会,,,6,https://chess-results.com/Test/tnr1233589.aspx?lan=1&art=0&zeilen=99999,tnr1233589 2025年全国国际象棋棋协大师赛(西安站） 女子一级棋士组 No.6 Name column
sighting-cr-start-b4f60e8471bb8524,chess-results-starting-rank,chess-results-tnr1233589,2025年全国国际象棋棋协大师赛(西安站） 女子一级棋士组,,2025年全国国际象棋棋协大师赛(西安站） 女子一级棋士组,,韩佳妤,韩佳妤,,,,,晋中市太谷区牛魔王国际象棋俱乐部,,,7,https://chess-results.com/Test/tnr1233589.aspx?lan=1&art=0&zeilen=99999,tnr1233589 2025年全国国际象棋棋协大师赛(西安站） 女子一级棋士组 No.7 Name column
sighting-cr-start-5c75dc98e3435844,chess-results-starting-rank,chess-results-tnr1233589,2025年全国国际象棋棋协大师赛(西安站） 女子一级棋士组,,2025年全国国际象棋棋协大师赛(西安站） 女子一级棋士组,,陈慕橙,陈慕橙,,,,,琪灵体育文化传播（上海）有限公司,,,8,https://chess-results.com/Test/tnr1233589.aspx?lan=1&art=0&zeilen=99999,tnr1233589 2025年全国国际象棋棋协大师赛(西安站） 女子一级棋士组 No.8 Name column
sighting-cr-start-6adbb17d25fb78a9,chess-results-starting-rank,chess-results-tnr1233589,2025年全国国际象棋棋协大师赛(西安站） 女子一级棋士组,,2025年全国国际象棋棋协大师赛(西安站） 女子一级棋士组,,刘卿,刘卿,,,,,长春市维卿国际象棋俱乐部,,,9,https://chess-results.com/Test/tnr1233589.aspx?lan=1&art=0&zeilen=99999,tnr1233589 2025年全国国际象棋棋协大师赛(西安站） 女子一级棋士组 No.9 Name column
sighting-cr-start-9abb785ce10c6444,chess-results-starting-rank,chess-results-tnr1233589,2025年全国国际象棋棋协大师赛(西安站） 女子一级棋士组,,2025年全国国际象棋棋协大师赛(西安站） 女子一级棋士组,,王竞萱,王竞萱,,,,,张店王舍棋牌馆,,,10,https://chess-results.com/Test/tnr1233589.aspx?lan=1&art=0&zeilen=99999,tnr1233589 2025年全国国际象棋棋协大师赛(西安站） 女子一级棋士组 No.10 Name column
sighting-cr-start-348766cfb59251ca,chess-results-starting-rank,chess-results-tnr1233589,2025年全国国际象棋棋协大师赛(西安站） 女子一级棋士组,,2025年全国国际象棋棋协大师赛(西安站） 女子一级棋士组,,刘一粟,刘一粟,,,,,泰安市宁阳县弈思教育少儿棋院,,,11,https://chess-results.com/Test/tnr1233589.aspx?lan=1&art=0&zeilen=99999,tnr1233589 2025年全国国际象棋棋协大师赛(西安站） 女子一级棋士组 No.11 Name column
sighting-cr-start-283c1d2d58a4921b,chess-results-starting-rank,chess-results-tnr1233589,2025年全国国际象棋棋协大师赛(西安站） 女子一级棋士组,,2025年全国国际象棋棋协大师赛(西安站） 女子一级棋士组,,刘林萱,刘林萱,,,,,北京君修文化传媒中心,,,12,https://chess-results.com/Test/tnr1233589.aspx?lan=1&art=0&zeilen=99999,tnr1233589 2025年全国国际象棋棋协大师赛(西安站） 女子一级棋士组 No.12 Name column
sighting-cr-start-d4600c94619b1ceb,chess-results-starting-rank,chess-results-tnr1233589,2025年全国国际象棋棋协大师赛(西安站） 女子一级棋士组,,2025年全国国际象棋棋协大师赛(西安站） 女子一级棋士组,,马兆滢,马兆滢,,,,,青岛青伟国际象棋俱乐部,,,13,https://chess-results.com/Test/tnr1233589.aspx?lan=1&art=0&zeilen=99999,tnr1233589 2025年全国国际象棋棋协大师赛(西安站） 女子一级棋士组 No.13 Name column
sighting-cr-start-d34035e6d16dadc3,chess-results-starting-rank,chess-results-tnr1233589,2025年全国国际象棋棋协大师赛(西安站） 女子一级棋士组,,2025年全国国际象棋棋协大师赛(西安站） 女子一级棋士组,,毛清岚,毛清岚,,,,,悦私塾,,,14,https://chess-results.com/Test/tnr1233589.aspx?lan=1&art=0&zeilen=99999,tnr1233589 2025年全国国际象棋棋协大师赛(西安站） 女子一级棋士组 No.14 Name column
sighting-cr-start-65d1f79e8c00d845,chess-results-starting-rank,chess-results-tnr1233589,2025年全国国际象棋棋协大师赛(西安站） 女子一级棋士组,,2025年全国国际象棋棋协大师赛(西安站） 女子一级棋士组,,李浚源,李浚源,,,,,蚌埠市青少年宫,,,15,https://chess-results.com/Test/tnr1233589.aspx?lan=1&art=0&zeilen=99999,tnr1233589 2025年全国国际象棋棋协大师赛(西安站） 女子一级棋士组 No.15 Name column
sighting-cr-start-eca17ee385efff43,chess-results-starting-rank,chess-results-tnr1233589,2025年全国国际象棋棋协大师赛(西安站） 女子一级棋士组,,2025年全国国际象棋棋协大师赛(西安站） 女子一级棋士组,,谢槿茜,谢槿茜,,,,,南京走天下国际象棋俱乐部,,,16,https://chess-results.com/Test/tnr1233589.aspx?lan=1&art=0&zeilen=99999,tnr1233589 2025年全国国际象棋棋协大师赛(西安站） 女子一级棋士组 No.16 Name column
sighting-cr-start-8db911547d9412d8,chess-results-starting-rank,chess-results-tnr1233589,2025年全国国际象棋棋协大师赛(西安站） 女子一级棋士组,,2025年全国国际象棋棋协大师赛(西安站） 女子一级棋士组,,胡宸涵,胡宸涵,,,,,杭州市棋类协会,,,17,https://chess-results.com/Test/tnr1233589.aspx?lan=1&art=0&zeilen=99999,tnr1233589 2025年全国国际象棋棋协大师赛(西安站） 女子一级棋士组 No.17 Name column
sighting-cr-start-798b2c249c7a25f7,chess-results-starting-rank,chess-results-tnr1233589,2025年全国国际象棋棋协大师赛(西安站） 女子一级棋士组,,2025年全国国际象棋棋协大师赛(西安站） 女子一级棋士组,,陈瑷凝,陈瑷凝,,,,,北京市东城区青少年棋院,,,18,https://chess-results.com/Test/tnr1233589.aspx?lan=1&art=0&zeilen=99999,tnr1233589 2025年全国国际象棋棋协大师赛(西安站） 女子一级棋士组 No.18 Name column
sighting-cr-start-804f71d843a33bff,chess-results-starting-rank,chess-results-tnr1233589,2025年全国国际象棋棋协大师赛(西安站） 女子一级棋士组,,2025年全国国际象棋棋协大师赛(西安站） 女子一级棋士组,,张海棠,张海棠,,,,,济宁市博弈国际象棋俱乐部,,,19,https://chess-results.com/Test/tnr1233589.aspx?lan=1&art=0&zeilen=99999,tnr1233589 2025年全国国际象棋棋协大师赛(西安站） 女子一级棋士组 No.19 Name column
sighting-cr-start-4b0d6677f495bb43,chess-results-starting-rank,chess-results-tnr1233589,2025年全国国际象棋棋协大师赛(西安站） 女子一级棋士组,,2025年全国国际象棋棋协大师赛(西安站） 女子一级棋士组,,唐诗语,唐诗语,,,,,合肥智多星国际象棋俱乐部,,,20,https://chess-results.com/Test/tnr1233589.aspx?lan=1&art=0&zeilen=99999,tnr1233589 2025年全国国际象棋棋协大师赛(西安站） 女子一级棋士组 No.20 Name column
sighting-cr-start-1ca948d941c2e46b,chess-results-starting-rank,chess-results-tnr1233589,2025年全国国际象棋棋协大师赛(西安站） 女子一级棋士组,,2025年全国国际象棋棋协大师赛(西安站） 女子一级棋士组,,蓝嘉,蓝嘉,,,,,南京尘卓文化传播有限公司,,,21,https://chess-results.com/Test/tnr1233589.aspx?lan=1&art=0&zeilen=99999,tnr1233589 2025年全国国际象棋棋协大师赛(西安站） 女子一级棋士组 No.21 Name column
sighting-cr-start-fa28e58efd1a8141,chess-results-starting-rank,chess-results-tnr1233589,2025年全国国际象棋棋协大师赛(西安站） 女子一级棋士组,,2025年全国国际象棋棋协大师赛(西安站） 女子一级棋士组,,李怡霖,李怡霖,,,,,绍兴显智国际象棋俱乐部,,,22,https://chess-results.com/Test/tnr1233589.aspx?lan=1&art=0&zeilen=99999,tnr1233589 2025年全国国际象棋棋协大师赛(西安站） 女子一级棋士组 No.22 Name column
sighting-cr-start-13337df344df95e2,chess-results-starting-rank,chess-results-tnr1233589,2025年全国国际象棋棋协大师赛(西安站） 女子一级棋士组,,2025年全国国际象棋棋协大师赛(西安站） 女子一级棋士组,,梁东囡,梁东囡,,,,,弈小象棋院,,,23,https://chess-results.com/Test/tnr1233589.aspx?lan=1&art=0&zeilen=99999,tnr1233589 2025年全国国际象棋棋协大师赛(西安站） 女子一级棋士组 No.23 Name column
sighting-cr-start-7e0ae69d17abe840,chess-results-starting-rank,chess-results-tnr1233589,2025年全国国际象棋棋协大师赛(西安站） 女子一级棋士组,,2025年全国国际象棋棋协大师赛(西安站） 女子一级棋士组,,刘尚妮,刘尚妮,,,,,重庆市大渡口区国际象棋协会,,,24,https://chess-results.com/Test/tnr1233589.aspx?lan=1&art=0&zeilen=99999,tnr1233589 2025年全国国际象棋棋协大师赛(西安站） 女子一级棋士组 No.24 Name column
sighting-cr-start-663148f8c7a2e9fd,chess-results-starting-rank,chess-results-tnr1233589,2025年全国国际象棋棋协大师赛(西安站） 女子一级棋士组,,2025年全国国际象棋棋协大师赛(西安站） 女子一级棋士组,,段欣洁,段欣洁,,,,,陕西三行国际象棋俱乐部,,,25,https://chess-results.com/Test/tnr1233589.aspx?lan=1&art=0&zeilen=99999,tnr1233589 2025年全国国际象棋棋协大师赛(西安站） 女子一级棋士组 No.25 Name column
sighting-cr-start-72b44d8894be7266,chess-results-starting-rank,chess-results-tnr1233589,2025年全国国际象棋棋协大师赛(西安站） 女子一级棋士组,,2025年全国国际象棋棋协大师赛(西安站） 女子一级棋士组,,卫舒原,卫舒原,,,,,山西省国际象棋协会,,,26,https://chess-results.com/Test/tnr1233589.aspx?lan=1&art=0&zeilen=99999,tnr1233589 2025年全国国际象棋棋协大师赛(西安站） 女子一级棋士组 No.26 Name column
sighting-cr-start-00fff27bce2e30b2,chess-results-starting-rank,chess-results-tnr1233589,2025年全国国际象棋棋协大师赛(西安站） 女子一级棋士组,,2025年全国国际象棋棋协大师赛(西安站） 女子一级棋士组,,韩墨彤,韩墨彤,,,,,天津弈思国际象棋俱乐部,,,27,https://chess-results.com/Test/tnr1233589.aspx?lan=1&art=0&zeilen=99999,tnr1233589 2025年全国国际象棋棋协大师赛(西安站） 女子一级棋士组 No.27 Name column
sighting-cr-start-4abe9ef506967004,chess-results-starting-rank,chess-results-tnr1233589,2025年全国国际象棋棋协大师赛(西安站） 女子一级棋士组,,2025年全国国际象棋棋协大师赛(西安站） 女子一级棋士组,,王芷若,王芷若,,,,,连云港海德国际象棋俱乐部,,,28,https://chess-results.com/Test/tnr1233589.aspx?lan=1&art=0&zeilen=99999,tnr1233589 2025年全国国际象棋棋协大师赛(西安站） 女子一级棋士组 No.28 Name column
sighting-cr-start-55ea6ffd0054ae31,chess-results-starting-rank,chess-results-tnr1233589,2025年全国国际象棋棋协大师赛(西安站） 女子一级棋士组,,2025年全国国际象棋棋协大师赛(西安站） 女子一级棋士组,,吴聿怀,吴聿怀,,,,,北京君修文化传媒中心,,,29,https://chess-results.com/Test/tnr1233589.aspx?lan=1&art=0&zeilen=99999,tnr1233589 2025年全国国际象棋棋协大师赛(西安站） 女子一级棋士组 No.29 Name column
sighting-cr-start-3092c717ead9a511,chess-results-starting-rank,chess-results-tnr1233589,2025年全国国际象棋棋协大师赛(西安站） 女子一级棋士组,,2025年全国国际象棋棋协大师赛(西安站） 女子一级棋士组,,秦一菲,秦一菲,,,,,泰州市姜堰区国际象棋协会,,,30,https://chess-results.com/Test/tnr1233589.aspx?lan=1&art=0&zeilen=99999,tnr1233589 2025年全国国际象棋棋协大师赛(西安站） 女子一级棋士组 No.30 Name column
sighting-cr-start-f1767916bded7b3a,chess-results-starting-rank,chess-results-tnr1233589,2025年全国国际象棋棋协大师赛(西安站） 女子一级棋士组,,2025年全国国际象棋棋协大师赛(西安站） 女子一级棋士组,,宋昕玥,宋昕玥,,,,,四川超玥国际象棋俱乐部,,,31,https://chess-results.com/Test/tnr1233589.aspx?lan=1&art=0&zeilen=99999,tnr1233589 2025年全国国际象棋棋协大师赛(西安站） 女子一级棋士组 No.31 Name column
sighting-cr-start-da2f26af920547e2,chess-results-starting-rank,chess-results-tnr1233589,2025年全国国际象棋棋协大师赛(西安站） 女子一级棋士组,,2025年全国国际象棋棋协大师赛(西安站） 女子一级棋士组,,潘梓瑶,潘梓瑶,,,,,济南大道国际象棋俱乐部有限公司,,,32,https://chess-results.com/Test/tnr1233589.aspx?lan=1&art=0&zeilen=99999,tnr1233589 2025年全国国际象棋棋协大师赛(西安站） 女子一级棋士组 No.32 Name column
sighting-cr-start-a940a8620e5d9d7d,chess-results-starting-rank,chess-results-tnr1233589,2025年全国国际象棋棋协大师赛(西安站） 女子一级棋士组,,2025年全国国际象棋棋协大师赛(西安站） 女子一级棋士组,,王佳忻,王佳忻,,,,,天津市河东区国际象棋协会,,,33,https://chess-results.com/Test/tnr1233589.aspx?lan=1&art=0&zeilen=99999,tnr1233589 2025年全国国际象棋棋协大师赛(西安站） 女子一级棋士组 No.33 Name column
sighting-cr-start-1d0c7c1d5a2e50ec,chess-results-starting-rank,chess-results-tnr1233589,2025年全国国际象棋棋协大师赛(西安站） 女子一级棋士组,,2025年全国国际象棋棋协大师赛(西安站） 女子一级棋士组,,王誉轲,王誉轲,,,,,常熟市弈星俱乐部,,,34,https://chess-results.com/Test/tnr1233589.aspx?lan=1&art=0&zeilen=99999,tnr1233589 2025年全国国际象棋棋协大师赛(西安站） 女子一级棋士组 No.34 Name column
sighting-cr-start-f3a1b85a69d242a5,chess-results-starting-rank,chess-results-tnr1233589,2025年全国国际象棋棋协大师赛(西安站） 女子一级棋士组,,2025年全国国际象棋棋协大师赛(西安站） 女子一级棋士组,,韩子萸,韩子萸,,,,,黑龙江省瑞亨国际象棋俱乐部,,,35,https://chess-results.com/Test/tnr1233589.aspx?lan=1&art=0&zeilen=99999,tnr1233589 2025年全国国际象棋棋协大师赛(西安站） 女子一级棋士组 No.35 Name column
sighting-cr-start-f1a27375bb2d561d,chess-results-starting-rank,chess-results-tnr1233589,2025年全国国际象棋棋协大师赛(西安站） 女子一级棋士组,,2025年全国国际象棋棋协大师赛(西安站） 女子一级棋士组,,宋清妍,宋清妍,,,,,绵阳市涪城区辉煌国际象棋俱乐部,,,36,https://chess-results.com/Test/tnr1233589.aspx?lan=1&art=0&zeilen=99999,tnr1233589 2025年全国国际象棋棋协大师赛(西安站） 女子一级棋士组 No.36 Name column
sighting-cr-start-a0e26c019a12e7dd,chess-results-starting-rank,chess-results-tnr1233589,2025年全国国际象棋棋协大师赛(西安站） 女子一级棋士组,,2025年全国国际象棋棋协大师赛(西安站） 女子一级棋士组,,任姝凝,任姝凝,,,,,上海杨浦区弈运国际象棋俱乐部,,,37,https://chess-results.com/Test/tnr1233589.aspx?lan=1&art=0&zeilen=99999,tnr1233589 2025年全国国际象棋棋协大师赛(西安站） 女子一级棋士组 No.37 Name column
sighting-cr-start-ba9cab0cbf7fb783,chess-results-starting-rank,chess-results-tnr1233589,2025年全国国际象棋棋协大师赛(西安站） 女子一级棋士组,,2025年全国国际象棋棋协大师赛(西安站） 女子一级棋士组,,王雨杉,王雨杉,,,,,天津弈诚棋艺培训学校有限公司,,,38,https://chess-results.com/Test/tnr1233589.aspx?lan=1&art=0&zeilen=99999,tnr1233589 2025年全国国际象棋棋协大师赛(西安站） 女子一级棋士组 No.38 Name column
sighting-cr-start-193406feec7c8898,chess-results-starting-rank,chess-results-tnr1233589,2025年全国国际象棋棋协大师赛(西安站） 女子一级棋士组,,2025年全国国际象棋棋协大师赛(西安站） 女子一级棋士组,,程筱雅,程筱雅,,,,,北京君修文化传媒中心,,,39,https://chess-results.com/Test/tnr1233589.aspx?lan=1&art=0&zeilen=99999,tnr1233589 2025年全国国际象棋棋协大师赛(西安站） 女子一级棋士组 No.39 Name column
sighting-cr-start-063dbbc0b5a0e5f0,chess-results-starting-rank,chess-results-tnr1233589,2025年全国国际象棋棋协大师赛(西安站） 女子一级棋士组,,2025年全国国际象棋棋协大师赛(西安站） 女子一级棋士组,,修紫宸,修紫宸,,,,,北京君修文化传媒中心,,,40,https://chess-results.com/Test/tnr1233589.aspx?lan=1&art=0&zeilen=99999,tnr1233589 2025年全国国际象棋棋协大师赛(西安站） 女子一级棋士组 No.40 Name column
sighting-cr-start-746a3c058c8f09e8,chess-results-starting-rank,chess-results-tnr1233589,2025年全国国际象棋棋协大师赛(西安站） 女子一级棋士组,,2025年全国国际象棋棋协大师赛(西安站） 女子一级棋士组,,陈依诺,陈依诺,,,,,江苏省如皋奕思国际象棋有限公司,,,42,https://chess-results.com/Test/tnr1233589.aspx?lan=1&art=0&zeilen=99999,tnr1233589 2025年全国国际象棋棋协大师赛(西安站） 女子一级棋士组 No.42 Name column
sighting-cr-start-cf8903bfb1af4b49,chess-results-starting-rank,chess-results-tnr1233589,2025年全国国际象棋棋协大师赛(西安站） 女子一级棋士组,,2025年全国国际象棋棋协大师赛(西安站） 女子一级棋士组,,张玉桢淇,张玉桢淇,,,,,宇昊棋院,,,43,https://chess-results.com/Test/tnr1233589.aspx?lan=1&art=0&zeilen=99999,tnr1233589 2025年全国国际象棋棋协大师赛(西安站） 女子一级棋士组 No.43 Name column
sighting-cr-start-10209ffa0d405d46,chess-results-starting-rank,chess-results-tnr1233589,2025年全国国际象棋棋协大师赛(西安站） 女子一级棋士组,,2025年全国国际象棋棋协大师赛(西安站） 女子一级棋士组,,杨语欣,杨语欣,,,,,厦门弈之海棋牌有限责任公司,,,44,https://chess-results.com/Test/tnr1233589.aspx?lan=1&art=0&zeilen=99999,tnr1233589 2025年全国国际象棋棋协大师赛(西安站） 女子一级棋士组 No.44 Name column
sighting-cr-start-eea0ab286caca68b,chess-results-starting-rank,chess-results-tnr1233589,2025年全国国际象棋棋协大师赛(西安站） 女子一级棋士组,,2025年全国国际象棋棋协大师赛(西安站） 女子一级棋士组,,苏悦可,苏悦可,,,,,福州市木蜻蜓国际象棋俱乐部,,,45,https://chess-results.com/Test/tnr1233589.aspx?lan=1&art=0&zeilen=99999,tnr1233589 2025年全国国际象棋棋协大师赛(西安站） 女子一级棋士组 No.45 Name column
sighting-cr-start-c4891687c830eea7,chess-results-starting-rank,chess-results-tnr1233589,2025年全国国际象棋棋协大师赛(西安站） 女子一级棋士组,,2025年全国国际象棋棋协大师赛(西安站） 女子一级棋士组,,刘腾忆,刘腾忆,,,,,济南市棋有此理教育体育科技有限公司,,,46,https://chess-results.com/Test/tnr1233589.aspx?lan=1&art=0&zeilen=99999,tnr1233589 2025年全国国际象棋棋协大师赛(西安站） 女子一级棋士组 No.46 Name column
sighting-cr-start-5f40e315a3585143,chess-results-starting-rank,chess-results-tnr1233589,2025年全国国际象棋棋协大师赛(西安站） 女子一级棋士组,,2025年全国国际象棋棋协大师赛(西安站） 女子一级棋士组,,王牧霏,王牧霏,,,,,绍兴才思,,,47,https://chess-results.com/Test/tnr1233589.aspx?lan=1&art=0&zeilen=99999,tnr1233589 2025年全国国际象棋棋协大师赛(西安站） 女子一级棋士组 No.47 Name column
sighting-cr-start-1f9ed6cc8d6d824b,chess-results-starting-rank,chess-results-tnr1233589,2025年全国国际象棋棋协大师赛(西安站） 女子一级棋士组,,2025年全国国际象棋棋协大师赛(西安站） 女子一级棋士组,,王诗雅,王诗雅,,,,,西安棋米国际象棋俱乐部,,,48,https://chess-results.com/Test/tnr1233589.aspx?lan=1&art=0&zeilen=99999,tnr1233589 2025年全国国际象棋棋协大师赛(西安站） 女子一级棋士组 No.48 Name column
sighting-cr-start-6285b295d1470fd4,chess-results-starting-rank,chess-results-tnr1233589,2025年全国国际象棋棋协大师赛(西安站） 女子一级棋士组,,2025年全国国际象棋棋协大师赛(西安站） 女子一级棋士组,,吴依菡,吴依菡,,,,,厦门弈之海棋牌有限责任公司,,,49,https://chess-results.com/Test/tnr1233589.aspx?lan=1&art=0&zeilen=99999,tnr1233589 2025年全国国际象棋棋协大师赛(西安站） 女子一级棋士组 No.49 Name column
sighting-cr-start-bbfd27fb6cc6e173,chess-results-starting-rank,chess-results-tnr1233589,2025年全国国际象棋棋协大师赛(西安站） 女子一级棋士组,,2025年全国国际象棋棋协大师赛(西安站） 女子一级棋士组,,马熙然,马熙然,,,,,北京金马国际象棋俱乐部,,,50,https://chess-results.com/Test/tnr1233589.aspx?lan=1&art=0&zeilen=99999,tnr1233589 2025年全国国际象棋棋协大师赛(西安站） 女子一级棋士组 No.50 Name column
sighting-cr-start-053056ac14fe1a6c,chess-results-starting-rank,chess-results-tnr1233589,2025年全国国际象棋棋协大师赛(西安站） 女子一级棋士组,,2025年全国国际象棋棋协大师赛(西安站） 女子一级棋士组,,曾之佳,曾之佳,,,,,四川超玥国际象棋俱乐部,,,51,https://chess-results.com/Test/tnr1233589.aspx?lan=1&art=0&zeilen=99999,tnr1233589 2025年全国国际象棋棋协大师赛(西安站） 女子一级棋士组 No.51 Name column
sighting-cr-start-53e1fba6573efb9a,chess-results-starting-rank,chess-results-tnr1233589,2025年全国国际象棋棋协大师赛(西安站） 女子一级棋士组,,2025年全国国际象棋棋协大师赛(西安站） 女子一级棋士组,,张皓月,张皓月,,,,,聊城市王冠棋艺俱乐部,,,52,https://chess-results.com/Test/tnr1233589.aspx?lan=1&art=0&zeilen=99999,tnr1233589 2025年全国国际象棋棋协大师赛(西安站） 女子一级棋士组 No.52 Name column
sighting-cr-start-856bc3e2853304ae,chess-results-starting-rank,chess-results-tnr1233589,2025年全国国际象棋棋协大师赛(西安站） 女子一级棋士组,,2025年全国国际象棋棋协大师赛(西安站） 女子一级棋士组,,何牧遥,何牧遥,,,,,天府棋艺俱乐部,,,53,https://chess-results.com/Test/tnr1233589.aspx?lan=1&art=0&zeilen=99999,tnr1233589 2025年全国国际象棋棋协大师赛(西安站） 女子一级棋士组 No.53 Name column
sighting-cr-start-2d98d5f1b4015dd5,chess-results-starting-rank,chess-results-tnr1233589,2025年全国国际象棋棋协大师赛(西安站） 女子一级棋士组,,2025年全国国际象棋棋协大师赛(西安站） 女子一级棋士组,,韩天心,韩天心,,,,,北京国象育人文化科技有限公司,,,54,https://chess-results.com/Test/tnr1233589.aspx?lan=1&art=0&zeilen=99999,tnr1233589 2025年全国国际象棋棋协大师赛(西安站） 女子一级棋士组 No.54 Name column
sighting-cr-start-b914c0a7b460668a,chess-results-starting-rank,chess-results-tnr1233589,2025年全国国际象棋棋协大师赛(西安站） 女子一级棋士组,,2025年全国国际象棋棋协大师赛(西安站） 女子一级棋士组,,陈依萌,陈依萌,,,,,江苏省如皋奕思国际象棋有限公司,,,55,https://chess-results.com/Test/tnr1233589.aspx?lan=1&art=0&zeilen=99999,tnr1233589 2025年全国国际象棋棋协大师赛(西安站） 女子一级棋士组 No.55 Name column
sighting-cr-start-3205f3526d742fa2,chess-results-starting-rank,chess-results-tnr1233589,2025年全国国际象棋棋协大师赛(西安站） 女子一级棋士组,,2025年全国国际象棋棋协大师赛(西安站） 女子一级棋士组,,郭佳齐,郭佳齐,,,,,合肥智多星国际象棋俱乐部,,,56,https://chess-results.com/Test/tnr1233589.aspx?lan=1&art=0&zeilen=99999,tnr1233589 2025年全国国际象棋棋协大师赛(西安站） 女子一级棋士组 No.56 Name column
sighting-cr-start-fdd417e887263897,chess-results-starting-rank,chess-results-tnr1233589,2025年全国国际象棋棋协大师赛(西安站） 女子一级棋士组,,2025年全国国际象棋棋协大师赛(西安站） 女子一级棋士组,,侯茗媛,侯茗媛,,,,,邯郸市弈贝国际象棋俱乐部,,,57,https://chess-results.com/Test/tnr1233589.aspx?lan=1&art=0&zeilen=99999,tnr1233589 2025年全国国际象棋棋协大师赛(西安站） 女子一级棋士组 No.57 Name column
sighting-cr-start-93181c3bba946770,chess-results-starting-rank,chess-results-tnr1233589,2025年全国国际象棋棋协大师赛(西安站） 女子一级棋士组,,2025年全国国际象棋棋协大师赛(西安站） 女子一级棋士组,,何雨芮,何雨芮,,,,,自贡市棋类协会,,,58,https://chess-results.com/Test/tnr1233589.aspx?lan=1&art=0&zeilen=99999,tnr1233589 2025年全国国际象棋棋协大师赛(西安站） 女子一级棋士组 No.58 Name column
sighting-cr-start-8497f5c5643ab02b,chess-results-starting-rank,chess-results-tnr1233589,2025年全国国际象棋棋协大师赛(西安站） 女子一级棋士组,,2025年全国国际象棋棋协大师赛(西安站） 女子一级棋士组,,庞皓妍,庞皓妍,,,,,深圳汪自力国际象棋俱乐部,,,59,https://chess-results.com/Test/tnr1233589.aspx?lan=1&art=0&zeilen=99999,tnr1233589 2025年全国国际象棋棋协大师赛(西安站） 女子一级棋士组 No.59 Name column
sighting-cr-start-e8ac3312df1f10dc,chess-results-starting-rank,chess-results-tnr1233589,2025年全国国际象棋棋协大师赛(西安站） 女子一级棋士组,,2025年全国国际象棋棋协大师赛(西安站） 女子一级棋士组,,刘妍妮,刘妍妮,,,,,聊城市王冠棋艺俱乐部,,,60,https://chess-results.com/Test/tnr1233589.aspx?lan=1&art=0&zeilen=99999,tnr1233589 2025年全国国际象棋棋协大师赛(西安站） 女子一级棋士组 No.60 Name column
sighting-cr-start-a84d917db3c9cd1d,chess-results-starting-rank,chess-results-tnr1233589,2025年全国国际象棋棋协大师赛(西安站） 女子一级棋士组,,2025年全国国际象棋棋协大师赛(西安站） 女子一级棋士组,,任筱月,任筱月,,,,,深圳市龙岗区国际象棋协会,,,61,https://chess-results.com/Test/tnr1233589.aspx?lan=1&art=0&zeilen=99999,tnr1233589 2025年全国国际象棋棋协大师赛(西安站） 女子一级棋士组 No.61 Name column
sighting-cr-start-fbe409e54bfc3d88,chess-results-starting-rank,chess-results-tnr1233589,2025年全国国际象棋棋协大师赛(西安站） 女子一级棋士组,,2025年全国国际象棋棋协大师赛(西安站） 女子一级棋士组,,石宇珊,石宇珊,,,,,青岛青伟棋牌俱乐部,,,62,https://chess-results.com/Test/tnr1233589.aspx?lan=1&art=0&zeilen=99999,tnr1233589 2025年全国国际象棋棋协大师赛(西安站） 女子一级棋士组 No.62 Name column
sighting-cr-start-ed0385fec08e0efe,chess-results-starting-rank,chess-results-tnr1233589,2025年全国国际象棋棋协大师赛(西安站） 女子一级棋士组,,2025年全国国际象棋棋协大师赛(西安站） 女子一级棋士组,,胡媛钦,胡媛钦,,,,,四川超玥国际象棋俱乐部,,,63,https://chess-results.com/Test/tnr1233589.aspx?lan=1&art=0&zeilen=99999,tnr1233589 2025年全国国际象棋棋协大师赛(西安站） 女子一级棋士组 No.63 Name column
sighting-cr-start-b41ddd3a9aee9c84,chess-results-starting-rank,chess-results-tnr1233589,2025年全国国际象棋棋协大师赛(西安站） 女子一级棋士组,,2025年全国国际象棋棋协大师赛(西安站） 女子一级棋士组,,周简珈,周简珈,,,,,天津市南开区泽华国际象棋俱乐部,,,64,https://chess-results.com/Test/tnr1233589.aspx?lan=1&art=0&zeilen=99999,tnr1233589 2025年全国国际象棋棋协大师赛(西安站） 女子一级棋士组 No.64 Name column
sighting-cr-start-c523387795ee54ff,chess-results-starting-rank,chess-results-tnr1233589,2025年全国国际象棋棋协大师赛(西安站） 女子一级棋士组,,2025年全国国际象棋棋协大师赛(西安站） 女子一级棋士组,,孙馨婕,孙馨婕,,,,,青岛青伟棋牌俱乐部,,,65,https://chess-results.com/Test/tnr1233589.aspx?lan=1&art=0&zeilen=99999,tnr1233589 2025年全国国际象棋棋协大师赛(西安站） 女子一级棋士组 No.65 Name column
sighting-cr-start-587531de2e433883,chess-results-starting-rank,chess-results-tnr1233589,2025年全国国际象棋棋协大师赛(西安站） 女子一级棋士组,,2025年全国国际象棋棋协大师赛(西安站） 女子一级棋士组,,陈怡帆,陈怡帆,,,,,北京吴少彬国际象棋俱乐部,,,66,https://chess-results.com/Test/tnr1233589.aspx?lan=1&art=0&zeilen=99999,tnr1233589 2025年全国国际象棋棋协大师赛(西安站） 女子一级棋士组 No.66 Name column
sighting-cr-start-24ae44dec1a4ce97,chess-results-starting-rank,chess-results-tnr1233589,2025年全国国际象棋棋协大师赛(西安站） 女子一级棋士组,,2025年全国国际象棋棋协大师赛(西安站） 女子一级棋士组,,蒋宛容,蒋宛容,,,,,谭中怡国际象棋俱乐部,,,67,https://chess-results.com/Test/tnr1233589.aspx?lan=1&art=0&zeilen=99999,tnr1233589 2025年全国国际象棋棋协大师赛(西安站） 女子一级棋士组 No.67 Name column
sighting-cr-start-d9f1b6bfd9c1bcb2,chess-results-starting-rank,chess-results-tnr1233589,2025年全国国际象棋棋协大师赛(西安站） 女子一级棋士组,,2025年全国国际象棋棋协大师赛(西安站） 女子一级棋士组,,刘佳沃,刘佳沃,,,,,济南市天马国际象棋俱乐部,,,68,https://chess-results.com/Test/tnr1233589.aspx?lan=1&art=0&zeilen=99999,tnr1233589 2025年全国国际象棋棋协大师赛(西安站） 女子一级棋士组 No.68 Name column
sighting-cr-start-e5a255f3429da651,chess-results-starting-rank,chess-results-tnr1233589,2025年全国国际象棋棋协大师赛(西安站） 女子一级棋士组,,2025年全国国际象棋棋协大师赛(西安站） 女子一级棋士组,,任静雯,任静雯,,,,,成都棋院(成都市智力运动中心),,,69,https://chess-results.com/Test/tnr1233589.aspx?lan=1&art=0&zeilen=99999,tnr1233589 2025年全国国际象棋棋协大师赛(西安站） 女子一级棋士组 No.69 Name column
sighting-cr-start-89ba0dbc3a21d46d,chess-results-starting-rank,chess-results-tnr1233589,2025年全国国际象棋棋协大师赛(西安站） 女子一级棋士组,,2025年全国国际象棋棋协大师赛(西安站） 女子一级棋士组,,韩秋诺,韩秋诺,,,,,北京吴少彬国际象棋俱乐部,,,70,https://chess-results.com/Test/tnr1233589.aspx?lan=1&art=0&zeilen=99999,tnr1233589 2025年全国国际象棋棋协大师赛(西安站） 女子一级棋士组 No.70 Name column
sighting-cr-start-af6171ec00581f5d,chess-results-starting-rank,chess-results-tnr1233589,2025年全国国际象棋棋协大师赛(西安站） 女子一级棋士组,,2025年全国国际象棋棋协大师赛(西安站） 女子一级棋士组,,屈成心意,屈成心意,,,,,成都棋院(成都市智力运动中心),,,71,https://chess-results.com/Test/tnr1233589.aspx?lan=1&art=0&zeilen=99999,tnr1233589 2025年全国国际象棋棋协大师赛(西安站） 女子一级棋士组 No.71 Name column
sighting-cr-start-44ae5e996432a0c6,chess-results-starting-rank,chess-results-tnr1233589,2025年全国国际象棋棋协大师赛(西安站） 女子一级棋士组,,2025年全国国际象棋棋协大师赛(西安站） 女子一级棋士组,,贾天明,贾天明,,,,,甘肃棋院,,,72,https://chess-results.com/Test/tnr1233589.aspx?lan=1&art=0&zeilen=99999,tnr1233589 2025年全国国际象棋棋协大师赛(西安站） 女子一级棋士组 No.72 Name column
sighting-cr-start-3ea4c684a79b261d,chess-results-starting-rank,chess-results-tnr1233589,2025年全国国际象棋棋协大师赛(西安站） 女子一级棋士组,,2025年全国国际象棋棋协大师赛(西安站） 女子一级棋士组,,庞桐玥,庞桐玥,,,,,青岛青伟国际象棋俱乐部,,,73,https://chess-results.com/Test/tnr1233589.aspx?lan=1&art=0&zeilen=99999,tnr1233589 2025年全国国际象棋棋协大师赛(西安站） 女子一级棋士组 No.73 Name column
sighting-cr-start-97f891b677287a25,chess-results-starting-rank,chess-results-tnr1233589,2025年全国国际象棋棋协大师赛(西安站） 女子一级棋士组,,2025年全国国际象棋棋协大师赛(西安站） 女子一级棋士组,,章悠然,章悠然,,,,,浙江省钱江棋院,,,74,https://chess-results.com/Test/tnr1233589.aspx?lan=1&art=0&zeilen=99999,tnr1233589 2025年全国国际象棋棋协大师赛(西安站） 女子一级棋士组 No.74 Name column
sighting-cr-start-84d352d4043d1680,chess-results-starting-rank,chess-results-tnr1233589,2025年全国国际象棋棋协大师赛(西安站） 女子一级棋士组,,2025年全国国际象棋棋协大师赛(西安站） 女子一级棋士组,,陈章煊柠,陈章煊柠,,,,,厦门爱时光教育咨询有限公司,,,75,https://chess-results.com/Test/tnr1233589.aspx?lan=1&art=0&zeilen=99999,tnr1233589 2025年全国国际象棋棋协大师赛(西安站） 女子一级棋士组 No.75 Name column
sighting-cr-start-05fc0ea1ec818f01,chess-results-starting-rank,chess-results-tnr1233589,2025年全国国际象棋棋协大师赛(西安站） 女子一级棋士组,,2025年全国国际象棋棋协大师赛(西安站） 女子一级棋士组,,王槿,王槿,,,,,哈尔滨市黑白格国际象棋俱乐部,,,76,https://chess-results.com/Test/tnr1233589.aspx?lan=1&art=0&zeilen=99999,tnr1233589 2025年全国国际象棋棋协大师赛(西安站） 女子一级棋士组 No.76 Name column
sighting-cr-start-171375f51d3fffc6,chess-results-starting-rank,chess-results-tnr1233589,2025年全国国际象棋棋协大师赛(西安站） 女子一级棋士组,,2025年全国国际象棋棋协大师赛(西安站） 女子一级棋士组,,程曼文,程曼文,,,,,南京弈骋轩国际象棋工作室,,,77,https://chess-results.com/Test/tnr1233589.aspx?lan=1&art=0&zeilen=99999,tnr1233589 2025年全国国际象棋棋协大师赛(西安站） 女子一级棋士组 No.77 Name column
sighting-cr-start-715eb53b3f5d6d7a,chess-results-starting-rank,chess-results-tnr1233589,2025年全国国际象棋棋协大师赛(西安站） 女子一级棋士组,,2025年全国国际象棋棋协大师赛(西安站） 女子一级棋士组,,苏琬雯,苏琬雯,,,,,昆明飞虎国际象棋俱乐部,,,78,https://chess-results.com/Test/tnr1233589.aspx?lan=1&art=0&zeilen=99999,tnr1233589 2025年全国国际象棋棋协大师赛(西安站） 女子一级棋士组 No.78 Name column
sighting-cr-start-d847c11847dde9ce,chess-results-starting-rank,chess-results-tnr1233589,2025年全国国际象棋棋协大师赛(西安站） 女子一级棋士组,,2025年全国国际象棋棋协大师赛(西安站） 女子一级棋士组,,张悦君,张悦君,,,,,贵阳皓天国际象棋俱乐部,,,79,https://chess-results.com/Test/tnr1233589.aspx?lan=1&art=0&zeilen=99999,tnr1233589 2025年全国国际象棋棋协大师赛(西安站） 女子一级棋士组 No.79 Name column
sighting-cr-start-cd7ac561e7c65b83,chess-results-starting-rank,chess-results-tnr1233589,2025年全国国际象棋棋协大师赛(西安站） 女子一级棋士组,,2025年全国国际象棋棋协大师赛(西安站） 女子一级棋士组,,罗佩西,罗佩西,,,,,西安棋米国际象棋俱乐部,,,80,https://chess-results.com/Test/tnr1233589.aspx?lan=1&art=0&zeilen=99999,tnr1233589 2025年全国国际象棋棋协大师赛(西安站） 女子一级棋士组 No.80 Name column
sighting-cr-start-1d5b2ce5e02db951,chess-results-starting-rank,chess-results-tnr1233589,2025年全国国际象棋棋协大师赛(西安站） 女子一级棋士组,,2025年全国国际象棋棋协大师赛(西安站） 女子一级棋士组,,杨涵菱,杨涵菱,,,,,成都棋院(成都市智力运动中心),,,81,https://chess-results.com/Test/tnr1233589.aspx?lan=1&art=0&zeilen=99999,tnr1233589 2025年全国国际象棋棋协大师赛(西安站） 女子一级棋士组 No.81 Name column
sighting-cr-start-9665ba4d01f392dd,chess-results-starting-rank,chess-results-tnr1233589,2025年全国国际象棋棋协大师赛(西安站） 女子一级棋士组,,2025年全国国际象棋棋协大师赛(西安站） 女子一级棋士组,,周洪宇,周洪宇,,,,,绵阳辉煌,,,82,https://chess-results.com/Test/tnr1233589.aspx?lan=1&art=0&zeilen=99999,tnr1233589 2025年全国国际象棋棋协大师赛(西安站） 女子一级棋士组 No.82 Name column
sighting-cr-start-29f3a050f45552e7,chess-results-starting-rank,chess-results-tnr1233589,2025年全国国际象棋棋协大师赛(西安站） 女子一级棋士组,,2025年全国国际象棋棋协大师赛(西安站） 女子一级棋士组,,马苏雅,马苏雅,,,,,重庆市南岸区江南小学校,,,83,https://chess-results.com/Test/tnr1233589.aspx?lan=1&art=0&zeilen=99999,tnr1233589 2025年全国国际象棋棋协大师赛(西安站） 女子一级棋士组 No.83 Name column
sighting-cr-start-5e6c31cd180bc8d7,chess-results-starting-rank,chess-results-tnr1233589,2025年全国国际象棋棋协大师赛(西安站） 女子一级棋士组,,2025年全国国际象棋棋协大师赛(西安站） 女子一级棋士组,,李想,李想,,,,,上海出棋制胜俱乐部,,,84,https://chess-results.com/Test/tnr1233589.aspx?lan=1&art=0&zeilen=99999,tnr1233589 2025年全国国际象棋棋协大师赛(西安站） 女子一级棋士组 No.84 Name column
sighting-cr-start-62c6630942b577fb,chess-results-starting-rank,chess-results-tnr1233589,2025年全国国际象棋棋协大师赛(西安站） 女子一级棋士组,,2025年全国国际象棋棋协大师赛(西安站） 女子一级棋士组,,周易如,周易如,,,,,南京弈骋轩国际象棋工作室,,,85,https://chess-results.com/Test/tnr1233589.aspx?lan=1&art=0&zeilen=99999,tnr1233589 2025年全国国际象棋棋协大师赛(西安站） 女子一级棋士组 No.85 Name column
sighting-cr-start-9b4b20a8e67d477b,chess-results-starting-rank,chess-results-tnr1233589,2025年全国国际象棋棋协大师赛(西安站） 女子一级棋士组,,2025年全国国际象棋棋协大师赛(西安站） 女子一级棋士组,,于加逸,于加逸,,,,,成华区青少年宫,,,86,https://chess-results.com/Test/tnr1233589.aspx?lan=1&art=0&zeilen=99999,tnr1233589 2025年全国国际象棋棋协大师赛(西安站） 女子一级棋士组 No.86 Name column
sighting-cr-start-701d0a7c406eecb2,chess-results-starting-rank,chess-results-tnr1233589,2025年全国国际象棋棋协大师赛(西安站） 女子一级棋士组,,2025年全国国际象棋棋协大师赛(西安站） 女子一级棋士组,,李清源,李清源,,,,,蚌埠市青少年宫,,,87,https://chess-results.com/Test/tnr1233589.aspx?lan=1&art=0&zeilen=99999,tnr1233589 2025年全国国际象棋棋协大师赛(西安站） 女子一级棋士组 No.87 Name column
sighting-cr-start-8b73be3b2d59a615,chess-results-starting-rank,chess-results-tnr1233589,2025年全国国际象棋棋协大师赛(西安站） 女子一级棋士组,,2025年全国国际象棋棋协大师赛(西安站） 女子一级棋士组,,于瑞童,于瑞童,,,,,天津市武清区清晨国际象棋俱乐部,,,88,https://chess-results.com/Test/tnr1233589.aspx?lan=1&art=0&zeilen=99999,tnr1233589 2025年全国国际象棋棋协大师赛(西安站） 女子一级棋士组 No.88 Name column
sighting-cr-start-f5a8e5ed5fcf1c48,chess-results-starting-rank,chess-results-tnr1233589,2025年全国国际象棋棋协大师赛(西安站） 女子一级棋士组,,2025年全国国际象棋棋协大师赛(西安站） 女子一级棋士组,,王姝洁,王姝洁,,,,,枣庄市青檀棋艺俱乐部,,,89,https://chess-results.com/Test/tnr1233589.aspx?lan=1&art=0&zeilen=99999,tnr1233589 2025年全国国际象棋棋协大师赛(西安站） 女子一级棋士组 No.89 Name column
sighting-cr-start-e923bfebe61261eb,chess-results-starting-rank,chess-results-tnr1233589,2025年全国国际象棋棋协大师赛(西安站） 女子一级棋士组,,2025年全国国际象棋棋协大师赛(西安站） 女子一级棋士组,,张嘉钰,张嘉钰,,,,,成都棋院(成都市智力运动中心),,,90,https://chess-results.com/Test/tnr1233589.aspx?lan=1&art=0&zeilen=99999,tnr1233589 2025年全国国际象棋棋协大师赛(西安站） 女子一级棋士组 No.90 Name column
sighting-cr-start-53163e94f774736d,chess-results-starting-rank,chess-results-tnr1233589,2025年全国国际象棋棋协大师赛(西安站） 女子一级棋士组,,2025年全国国际象棋棋协大师赛(西安站） 女子一级棋士组,,张芯语,张芯语,,,,,青岛青伟国际象棋俱乐部,,,91,https://chess-results.com/Test/tnr1233589.aspx?lan=1&art=0&zeilen=99999,tnr1233589 2025年全国国际象棋棋协大师赛(西安站） 女子一级棋士组 No.91 Name column
