fide_id,chinese_name,pinyin_name,aliases,source,confidence,notes
8602883,王皓,wang hao,"王皓|wanghao|Wang Hao|Wang, Hao",seed,reviewed,
8601429,王玥,wang yue,"王玥|wangyue|Wang Yue|Wang, Yue",seed,reviewed,
8603677,丁立人,ding liren,"丁立人|dingliren|Ding Liren|Ding, Liren",seed,reviewed,
8603405,韦奕,wei yi,"韦奕|weiyi|Wei Yi|Wei, Yi",seed,reviewed,
8603820,余泱漪,yu yangyi,"余泱漪|yuyangyi|Yu Yangyi|Yu, Yangyi",seed,reviewed,
8602980,侯逸凡,hou yifan,"侯逸凡|houyifan|Hou Yifan|Hou, Yifan",seed,reviewed,
8603006,居文君,ju wenjun,"居文君|juwenjun|Ju Wenjun|Ju, Wenjun",seed,reviewed,
8605114,雷挺婕,lei tingjie,"雷挺婕|leitingjie|Lei Tingjie|Lei, Tingjie",seed,reviewed,
8601283,赵雪,zhao xue,"赵雪|zhaoxue|Zhao Xue|Zhao, Xue",seed,reviewed,
8600040,叶江川,ye jiangchuan,"叶江川|yejiangchuan|Ye Jiangchuan|Ye, Jiangchuan",seed,reviewed,
8600147,谢军,xie jun,"谢军|xiejun|Xie Jun|Xie, Jun",seed,reviewed,
8600635,许昱华,xu yuhua,"许昱华|xuyuhua|Xu Yuhua|Xu, Yuhua",seed,reviewed,
8601445,卜祥志,bu xiangzhi,"卜祥志|buxiangzhi|Bu Xiangzhi|Bu, Xiangzhi",seed,reviewed,
8603332,卢尚磊,lu shanglei,"卢尚磊|lushanglei|Lu Shanglei|Lu, Shanglei",seed,reviewed,
8608288,徐翔宇,xu xiangyu,"徐翔宇|xuxiangyu|Xu Xiangyu|Xu, Xiangyu",seed,reviewed,
8604940,徐英伦,xu yinglun,"徐英伦|xuyinglun|Xu Yinglun|Xu, Yinglun",seed,reviewed,
8602522,赵骏,zhao jun,"赵骏|zhaojun|Zhao Jun|Zhao, Jun",seed,reviewed,
8603847,曾重生,zeng chongsheng,"曾重生|zengchongsheng|Zeng Chongsheng|Zeng, Chongsheng",seed,reviewed,
8601160,倪华,ni hua,"倪华|nihua|Ni Hua|Ni, Hua",seed,reviewed,
8618020,鹿妙夷,lu miaoyi,"鹿妙夷|lumiaoyi|Lu Miaoyi|Miaoyi Lu|Lu, Miaoyi",seed,reviewed,
8632200,孔祥睿,kong xiangrui,"孔祥睿|kongxiangrui|Kong Xiangrui|Xiangrui Kong|Kong, Xiangrui",seed,reviewed,
8620946,陈一宁,chen yining,"陈一宁|chenyining|Chen Yining|Yining Chen|Chen, Yining",seed,reviewed,
8627215,姜天瑜,jiang tianyu,"姜天瑜|jiangtianyu|Jiang Tianyu|Tianyu Jiang|Jiang, Tianyu",seed,reviewed,
8657238,,yan xuan,"yanxuan|Yan Xuan|Xuan Yan|Yan, Xuan",seed,reviewed,
8640491,金鸿涛,,"金鸿涛|Jin, Hongtao|Hongtao Jin|Jin Hongtao",chess-results-starting-rank,derived,tnr1426529 2026 National Amateur Chess Master Tournament - Open (Jiaxing Station) S0 No.1 Typ column
8608920,黄治,,"黄治|Huang, Zhi|Zhi Huang|Huang Zhi",chess-results-starting-rank,derived,tnr1426529 2026 National Amateur Chess Master Tournament - Open (Jiaxing Station) S0 No.2 Typ column
8636001,穆王雪瑶,,"穆王雪瑶|Mu, Wangxueyao|Wangxueyao Mu|Mu Wangxueyao",chess-results-starting-rank,derived,tnr1426529 2026 National Amateur Chess Master Tournament - Open (Jiaxing Station) S0 No.3 Typ column
8604215,毛瀛舟,,"毛瀛舟|Mao, Yingzhou|Yingzhou Mao|Mao Yingzhou",chess-results-starting-rank,derived,tnr1426529 2026 National Amateur Chess Master Tournament - Open (Jiaxing Station) S0 No.4 Typ column
8641170,吴双,,"吴双|Wu, Shuang(HLJ)|Shuang(HLJ) Wu|Wu Shuang(HLJ)",chess-results-starting-rank,derived,tnr1426529 2026 National Amateur Chess Master Tournament - Open (Jiaxing Station) S0 No.5 Typ column
8640378,钟涛宇,,"钟涛宇|Zhong, Taoyu|Taoyu Zhong|Zhong Taoyu",chess-results-starting-rank,derived,tnr1426529 2026 National Amateur Chess Master Tournament - Open (Jiaxing Station) S0 No.6 Typ column
8643482,程功仆,,"程功仆|Cheng, Gongpu|Gongpu Cheng|Cheng Gongpu",chess-results-starting-rank,derived,tnr1426529 2026 National Amateur Chess Master Tournament - Open (Jiaxing Station) S0 No.7 Typ column
8657580,汪雨轩,,"汪雨轩|Wang, Yuxuan(SH)|Yuxuan(SH) Wang|Wang Yuxuan(SH)",chess-results-starting-rank,derived,tnr1426529 2026 National Amateur Chess Master Tournament - Open (Jiaxing Station) S0 No.8 Typ column
8641110,冯夔修,,"冯夔修|Feng, Kuixiu|Kuixiu Feng|Feng Kuixiu",chess-results-starting-rank,derived,tnr1426529 2026 National Amateur Chess Master Tournament - Open (Jiaxing Station) S0 No.9 Typ column
8652937,郑皋廌,,"郑皋廌|Zheng, Gaozhi|Gaozhi Zheng|Zheng Gaozhi",chess-results-starting-rank,derived,tnr1426529 2026 National Amateur Chess Master Tournament - Open (Jiaxing Station) S0 No.10 Typ column
150109620,程伟烨,,"程伟烨|Weiye, Cheng|Cheng Weiye|Weiye Cheng",chess-results-starting-rank,derived,tnr1426529 2026 National Amateur Chess Master Tournament - Open (Jiaxing Station) S0 No.12 Typ column
8642680,方泽龙,,"方泽龙|Fang, Zelong|Zelong Fang|Fang Zelong",chess-results-starting-rank,derived,tnr1426529 2026 National Amateur Chess Master Tournament - Open (Jiaxing Station) S0 No.13 Typ column
8655677,陈佰泽,,"陈佰泽|Chen, Baize|Baize Chen|Chen Baize",chess-results-starting-rank,derived,tnr1426529 2026 National Amateur Chess Master Tournament - Open (Jiaxing Station) S0 No.14 Typ column
8670188,方啸羽,,"方啸羽|Fang, Xiaoyu|Xiaoyu Fang|Fang Xiaoyu",chess-results-starting-rank,derived,tnr1426529 2026 National Amateur Chess Master Tournament - Open (Jiaxing Station) S0 No.15 Typ column
8640483,殷子均,,"殷子均|Yin, Zijun|Zijun Yin|Yin Zijun",chess-results-starting-rank,derived,tnr1426529 2026 National Amateur Chess Master Tournament - Open (Jiaxing Station) S0 No.16 Typ column
8699127,董昊天,,"董昊天|Dong, Haotian|Haotian Dong|Dong Haotian",chess-results-starting-rank,derived,tnr1426529 2026 National Amateur Chess Master Tournament - Open (Jiaxing Station) S0 No.17 Typ column
8688230,骆俭哲,,"骆俭哲|Luo, Jianzhe|Jianzhe Luo|Luo Jianzhe",chess-results-starting-rank,derived,tnr1426529 2026 National Amateur Chess Master Tournament - Open (Jiaxing Station) S0 No.18 Typ column
8667527,徐沐阳,,"徐沐阳|Xu, Muyang|Muyang Xu|Xu Muyang",chess-results-starting-rank,derived,tnr1426529 2026 National Amateur Chess Master Tournament - Open (Jiaxing Station) S0 No.19 Typ column
8655979,王泽恺,,"王泽恺|Wang, Zekai|Zekai Wang|Wang Zekai",chess-results-starting-rank,derived,tnr1426529 2026 National Amateur Chess Master Tournament - Open (Jiaxing Station) S0 No.20 Typ column
8631166,杨思源,,"杨思源|Yang, Siyuan|Siyuan Yang|Yang Siyuan",chess-results-starting-rank,derived,tnr1426529 2026 National Amateur Chess Master Tournament - Open (Jiaxing Station) S0 No.21 Typ column
8688290,刘诗怡,,"刘诗怡|Liu, Shiyi(SH)|Shiyi(SH) Liu|Liu Shiyi(SH)",chess-results-starting-rank,derived,tnr1426529 2026 National Amateur Chess Master Tournament - Open (Jiaxing Station) S0 No.22 Typ column
8667470,肖景豪,,"肖景豪|Xiao, Jinghao|Jinghao Xiao|Xiao Jinghao",chess-results-starting-rank,derived,tnr1426529 2026 National Amateur Chess Master Tournament - Open (Jiaxing Station) S0 No.23 Typ column
8670820,赵梓臻,,"赵梓臻|Zhao, Zizhen|Zizhen Zhao|Zhao Zizhen",chess-results-starting-rank,derived,tnr1426529 2026 National Amateur Chess Master Tournament - Open (Jiaxing Station) S0 No.24 Typ column
8679630,吕昕泽,,"吕昕泽|Lv, Xinze|Xinze Lv|Lv Xinze",chess-results-starting-rank,derived,tnr1426529 2026 National Amateur Chess Master Tournament - Open (Jiaxing Station) S0 No.25 Typ column
8670170,方栎翔,,"方栎翔|Fang, Yuexiang|Yuexiang Fang|Fang Yuexiang",chess-results-starting-rank,derived,tnr1426529 2026 National Amateur Chess Master Tournament - Open (Jiaxing Station) S0 No.26 Typ column
8654743,张恩铭,,"张恩铭|Zhang, Enming(SH)|Enming(SH) Zhang|Zhang Enming(SH)",chess-results-starting-rank,derived,tnr1426529 2026 National Amateur Chess Master Tournament - Open (Jiaxing Station) S0 No.27 Typ column
8646511,周澄澄,,"周澄澄|Zhou, Chengcheng(JS)|Chengcheng(JS) Zhou|Zhou Chengcheng(JS)",chess-results-starting-rank,derived,tnr1426529 2026 National Amateur Chess Master Tournament - Open (Jiaxing Station) S0 No.28 Typ column
8647445,白墨轩,,"白墨轩|Bai, Moxuan|Moxuan Bai|Bai Moxuan",chess-results-starting-rank,derived,tnr1426529 2026 National Amateur Chess Master Tournament - Open (Jiaxing Station) S0 No.29 Typ column
8667551,许树则,,"许树则|Xu, Shuze|Shuze Xu|Xu Shuze",chess-results-starting-rank,derived,tnr1426529 2026 National Amateur Chess Master Tournament - Open (Jiaxing Station) S0 No.30 Typ column
8678090,张睿科,,"张睿科|Zhang, Ruike|Ruike Zhang|Zhang Ruike",chess-results-starting-rank,derived,tnr1426529 2026 National Amateur Chess Master Tournament - Open (Jiaxing Station) S0 No.31 Typ column
8649731,徐近之,,"徐近之|Xu, Jinzhi|Jinzhi Xu|Xu Jinzhi",chess-results-starting-rank,derived,tnr1426529 2026 National Amateur Chess Master Tournament - Open (Jiaxing Station) S0 No.32 Typ column
8640190,何奕,,"何奕|He, Yi|Yi He|He Yi",chess-results-starting-rank,derived,tnr1426529 2026 National Amateur Chess Master Tournament - Open (Jiaxing Station) S0 No.33 Typ column
8679622,吕明泽,,"吕明泽|Lv, Mingze|Mingze Lv|Lv Mingze",chess-results-starting-rank,derived,tnr1426529 2026 National Amateur Chess Master Tournament - Open (Jiaxing Station) S0 No.34 Typ column
8643865,郭泰来,,"郭泰来|Guo, Tailai|Tailai Guo|Guo Tailai",chess-results-starting-rank,derived,tnr1426529 2026 National Amateur Chess Master Tournament - Open (Jiaxing Station) S0 No.35 Typ column
8665141,叶殊含,,"叶殊含|Ye, Shuhan|Shuhan Ye|Ye Shuhan",chess-results-starting-rank,derived,tnr1426529 2026 National Amateur Chess Master Tournament - Open (Jiaxing Station) S0 No.36 Typ column
574001370,严振纲,,"严振纲|Yan, Zhengang|Zhengang Yan|Yan Zhengang",chess-results-starting-rank,derived,tnr1426529 2026 National Amateur Chess Master Tournament - Open (Jiaxing Station) S0 No.37 Typ column
8674736,许树本,,"许树本|Xu, Shuben|Shuben Xu|Xu Shuben",chess-results-starting-rank,derived,tnr1426529 2026 National Amateur Chess Master Tournament - Open (Jiaxing Station) S0 No.38 Typ column
8665125,严梓芯,,"严梓芯|Yan, Zixin|Zixin Yan|Yan Zixin",chess-results-starting-rank,derived,tnr1426529 2026 National Amateur Chess Master Tournament - Open (Jiaxing Station) S0 No.39 Typ column
331105427,曹璟阳,,"曹璟阳|Cao, Jing Yang|Jing Yang Cao|Cao Jing Yang",chess-results-starting-rank,derived,tnr1426529 2026 National Amateur Chess Master Tournament - Open (Jiaxing Station) S0 No.40 Typ column
8656096,朱平安,,"朱平安|Zhu, Pingan|Pingan Zhu|Zhu Pingan",chess-results-starting-rank,derived,tnr1426529 2026 National Amateur Chess Master Tournament - Open (Jiaxing Station) S0 No.41 Typ column
8666210,陈柏芊,,"陈柏芊|Chen, Boqian|Boqian Chen|Chen Boqian",chess-results-starting-rank,derived,tnr1426529 2026 National Amateur Chess Master Tournament - Open (Jiaxing Station) S0 No.42 Typ column
8670927,蓝昕亿,,"蓝昕亿|Lan, Xinyi|Xinyi Lan|Lan Xinyi",chess-results-starting-rank,derived,tnr1426529 2026 National Amateur Chess Master Tournament - Open (Jiaxing Station) S0 No.43 Typ column
8656290,陶泓妤,,"陶泓妤|Tao, Hongyu|Hongyu Tao|Tao Hongyu",chess-results-starting-rank,derived,tnr1426529 2026 National Amateur Chess Master Tournament - Open (Jiaxing Station) S0 No.44 Typ column
8688273,马先卿,,"马先卿|Ma, Xianqing|Xianqing Ma|Ma Xianqing",chess-results-starting-rank,derived,tnr1426529 2026 National Amateur Chess Master Tournament - Open (Jiaxing Station) S0 No.45 Typ column
8640122,李越,,"李越|Li, Yue|Yue Li|Li Yue",chess-results-starting-rank,derived,tnr1426529 2026 National Amateur Chess Master Tournament - Open (Jiaxing Station) S0 No.46 Typ column
8666920,罗芯俞,,"罗芯俞|Luo, Xinyu|Xinyu Luo|Luo Xinyu",chess-results-starting-rank,derived,tnr1426529 2026 National Amateur Chess Master Tournament - Open (Jiaxing Station) S0 No.47 Typ column
574009206,伏怡安,,"伏怡安|Fu, Yian|Yian Fu|Fu Yian",chess-results-starting-rank,derived,tnr1426529 2026 National Amateur Chess Master Tournament - Open (Jiaxing Station) S0 No.48 Typ column
8679070,何思源,,"何思源|He, Siyuan|Siyuan He|He Siyuan",chess-results-starting-rank,derived,tnr1426529 2026 National Amateur Chess Master Tournament - Open (Jiaxing Station) S0 No.49 Typ column
8685576,万初一,,"万初一|Wan, Chuyi|Chuyi Wan|Wan Chuyi",chess-results-starting-rank,derived,tnr1426529 2026 National Amateur Chess Master Tournament - Open (Jiaxing Station) S0 No.50 Typ column
574008617,严格,,"严格|Yan, Ge|Ge Yan|Yan Ge",chess-results-starting-rank,derived,tnr1426529 2026 National Amateur Chess Master Tournament - Open (Jiaxing Station) S0 No.51 Typ column
